_NAME_,Factor1,Factor2,Factor3,Factor4,Factor5,Factor6,Factor7,loaded,factor,pole
v000001,0.153475297,0.2542484029,0.2468885361,0.0513098217,-0.047846327,0.0514261575,0.1669076247,0,,
v000002,0.0628754828,0.1139462176,-0.123127651,0.1585098109,0.211120763,0.5350362981,-0.129468715,1,fac6,1
v000003,0.2142184394,0.281056737,0.0550611756,-0.138668848,0.1038754272,0.1251248786,0.0875738819,0,,
v000004,-0.158093549,0.1683180837,0.2568373185,0.1134064399,0.0626291187,0.0913293185,0.3541870353,1,fac7,1
v000005,0.2019674379,0.1656135304,0.1437467064,0.0133005609,0.0265312582,0.192665184,0.1200807732,0,,
v000006,-0.145301474,0.3645257064,-0.167597083,-0.048579634,0.1266811255,0.308952127,0.0652057591,1,fac2,1
v000007,0.2339775854,0.2983051172,0.0189088591,0.0217412689,0.0056530283,0.1473444366,0.103323728,0,,
v000008,0.1935027643,0.1708523949,-0.027637396,-0.17239422,-0.023709667,0.1362491541,-0.013064226,0,,
v000009,0.4306284168,0.1075693228,-0.154314528,-0.062491824,-0.12476081,0.06289751,0.0124780921,1,fac1,1
v000010,0.0953438227,0.0484771043,0.1408263996,0.3066346288,-0.093296209,0.2701070806,-0.009311461,1,fac4,1
v000011,-0.092185853,0.3842069451,-0.028996549,0.1521436282,-0.151969266,0.3641052609,-0.24314839,1,fac2,1
v000012,0.3380098869,-0.050314014,0.1524069649,-0.042351564,0.1725401386,0.2493027269,0.2626417402,1,fac1,1
v000013,-0.064207272,-0.241019212,0.3404965461,-0.257174423,-0.251544218,0.6302063219,0.199109225,1,fac6,1
v000014,0.1775848441,0.0506765682,0.0060289039,-0.089767656,-0.061304279,0.0271050406,-0.093880347,0,,
v000016,0.4950358053,0.1292177716,0.1137821619,-0.043142911,-0.026343933,-0.082488364,0.1455971341,1,fac1,1
v000017,0.1378599337,-0.082522859,0.196884091,0.118202978,-0.05013999,0.5531201509,0.0218850822,1,fac6,1
v000018,0.0779949553,0.214124958,0.1643360839,-0.18909394,-0.010858086,0.4253241383,-0.015775748,1,fac6,1
v000019,-0.012354241,0.0981176088,0.2313437222,0.134290474,-0.045087423,0.303545858,-0.15348536,1,fac6,1
v000020,-0.054591039,0.1776127245,0.3822361409,-0.093019707,0.078541027,0.1933882947,0.0248672946,1,fac3,1
v000021,0.1958061041,0.1231304883,0.2510318778,-0.212519636,0.0860538203,-0.057545359,0.4041951966,1,fac7,1
v000023,0.2008065613,0.3859005505,-0.130634437,0.0385403743,-0.247059365,-0.308829506,-0.36363036,1,fac2,1
v000024,0.1867597781,0.2691936197,-0.029089884,0.1314548679,-0.025056787,0.2253344885,0.0074941247,0,,
v000025,0.0101689318,0.2511033613,0.1705019235,-0.181330182,0.4513954883,-0.110970442,-0.023827652,1,fac5,1
v000026,-1.232425947,-0.872719336,1.2705378018,-0.33282948,-0.500507975,-0.903930301,-0.193331706,1,fac3,1
v000027,0.0242114935,0.2376069052,0.0850007498,-0.084536964,0.0678166514,0.0470941435,-0.008648133,0,,
v000030,0.0783602682,-0.131719162,0.4436081275,0.0803900535,0.2144690377,0.0790395028,0.2145175208,1,fac3,1
v000031,0.2150979931,0.0307376141,0.529503409,0.1426518636,-0.071041211,0.1243274213,-0.074851401,1,fac3,1
v000032,0.141589986,-0.036712207,0.2100971376,0.4023760966,0.0587208497,0.1302142587,-0.000550763,1,fac4,1
v000033,-0.090530063,-0.22324106,0.1947009226,-0.179647052,0.5719337538,0.0466199861,-0.253879412,1,fac5,1
v000034,0.4433951686,0.1345041845,0.2649133468,0.0388797127,0.1386590002,0.0761104926,-0.06651082,1,fac1,1
v000036,0.486440516,-0.010579614,0.1315297861,0.0175697072,0.2027845089,0.1270013563,-0.06418372,1,fac1,1
v000037,0.3970982121,0.1308436565,0.1573421669,0.1081392738,0.162560161,0.1010045015,0.0172424238,1,fac1,1
v000038,0.0904491668,0.3013710101,0.1940973906,-0.022821997,0.074522267,-0.081695122,-0.170742238,1,fac2,1
v000040,-0.725619239,-0.792315849,-0.439416479,-0.219420241,-0.36555692,-0.578248177,-0.060691392,1,fac2,-1
v000041,0.0251805955,-0.100086688,0.0952588489,0.319955311,-0.102738427,0.2898261231,0.3027399395,1,fac4,1
v000043,0.3971713636,0.1524153063,-0.013171439,-0.243178944,-0.07883522,-0.194302809,-0.05929744,1,fac1,1
v000044,0.4440327115,0.02984867,0.2443466912,-0.095842158,0.0446977454,0.1329047391,0.0452310566,1,fac1,1
v000045,0.4710638224,0.0233936732,-0.169695917,0.0250821135,-0.11276022,-0.175033433,0.0705407192,1,fac1,1
v000047,-0.241012907,0.206010689,0.3534119925,0.1897550694,0.0066804666,0.1765192561,0.0452833823,1,fac3,1
v000048,0.4062251479,-0.019433107,-0.329078489,-0.325271496,0.4023244801,0.142150381,-0.332426936,1,fac1,1
v000050,0.0276274178,-0.01712424,0.6408963201,0.1489389189,-0.169571118,0.0186023017,0.2725285458,1,fac3,1
v000051,0.3789153687,0.0522311842,0.1102211322,0.0034519193,-0.34507184,0.3119106188,-0.014729199,1,fac1,1
v000052,0.3249301415,0.045894021,0.3584328606,0.0461217865,-0.153188731,0.2004134467,-0.094495608,1,fac3,1
v000053,0.3487716024,0.1710553459,0.0756100005,0.0979255762,-0.054001818,0.108326757,0.0272985603,1,fac1,1
v000056,0.4670706532,0.0113513885,0.3329509891,0.1878707377,-0.136305648,0.0384278192,-0.070878995,1,fac1,1
v000057,0.1760703578,-0.011242643,-0.025779523,0.0834156768,0.0047366472,0.3359972705,0.2447207181,1,fac6,1
v000058,0.1713194938,-0.099759529,0.478581545,0.035118452,0.1294832029,0.2067463332,0.246698924,1,fac3,1
v000059,0.3038623535,0.1545812019,0.0088256153,0.0289413209,-0.004162936,-0.019897652,0.0590936443,1,fac1,1
v000060,-0.3996727,0.5705444131,-0.015013572,0.0922245808,-0.221563313,-0.170094207,0.0529320966,1,fac2,1
v000061,0.5716463689,0.1312794017,-0.179772421,-0.120852159,-0.144953272,-0.278616524,0.1422601516,1,fac1,1
v000062,0.2929545131,-0.133487122,-0.156538323,-0.014456169,0.7086555988,-0.388873925,-0.023292622,1,fac5,1
v000063,0.1266083209,0.2079512963,0.3705595631,0.2289196555,-0.228428181,0.0013400004,-0.040507966,1,fac3,1
v000064,0.0635633866,0.1323864672,0.2043309176,0.1481392916,0.0518133894,0.2469719402,0.0778007289,0,,
v000065,0.0804452149,-0.049012215,0.3356076749,0.240416307,-0.193915742,-0.184733367,0.1982061921,1,fac3,1
v000066,-0.061734176,0.4497894017,-0.03881916,-0.0199263,-0.063834725,0.1191333264,0.1450213934,1,fac2,1
v000067,-0.203144641,-0.307228361,0.055891564,0.3145282219,-0.697907913,0.782698009,0.1745128608,1,fac6,1
v000068,0.1513548242,0.3105590103,0.1089670745,0.0082320861,0.0275520568,0.1385041959,-0.050689443,1,fac2,1
v000069,0.399287809,0.1179050691,0.0891119469,-0.03513641,-0.167627645,0.2882110228,-0.001655037,1,fac1,1
v000070,0.2615643562,-0.161024555,-0.137573257,0.3223848609,0.3551683859,-0.276425971,0.2533042665,1,fac5,1
v000071,0.2453080993,0.1808439707,0.1012510122,0.1376520665,-0.122938947,-0.108052527,0.1836745539,0,,
v000072,0.1389882966,0.1685357163,-0.178070123,0.409784805,-0.136075855,-0.264206746,0.0967470595,1,fac4,1
v000073,0.4275618622,-0.050655133,0.3646684553,-0.120301628,0.0542168777,0.0224143855,0.0399965895,1,fac1,1
v000074,0.2648957453,-0.024015694,-0.148821582,-0.071566855,0.0752143563,0.5748154186,-0.081101805,1,fac6,1
v000075,0.4386267894,0.3104788937,0.1778184713,0.1688229922,0.0795238435,-0.042526145,-0.066437957,1,fac1,1
v000077,0.4418426197,0.4719470034,0.0365539812,-0.118366386,-0.221384108,-0.16901949,-0.252556551,1,fac2,1
v000078,0.2312403654,0.2125753483,0.2558350196,-0.067417722,0.0864304976,0.1469827463,-0.089140133,0,,
v000079,-0.025101487,0.0588141241,0.1364262291,-0.359126182,0.0494976087,0.3751201983,0.1488047867,1,fac6,1
v000080,-0.007014696,-0.035380398,0.4567340447,0.1061006501,0.097590294,0.0274604832,0.0434525118,1,fac3,1
v000081,-0.11102496,0.2751122718,0.2590355557,0.2078955385,-0.099087462,0.309240006,-0.066817557,1,fac6,1
v000082,0.2463714963,-0.024711059,0.1677367368,0.4558740718,0.0162166154,-0.100357773,-0.06019699,1,fac4,1
v000083,0.5527381493,-0.045346143,0.0800897311,0.1898461117,-0.379752312,0.0050693161,-0.176277743,1,fac1,1
v000084,0.4624341164,-0.151180973,0.2565417736,0.2053051583,0.1544637266,-0.259083253,-0.278675059,1,fac1,1
v000085,0.3692234842,-0.223834965,-0.109010277,0.2680533416,0.1249958278,-0.075675384,0.3154304272,1,fac1,1
v000087,0.4416083705,-0.076245758,-0.082971907,0.3399495366,0.031043208,-0.044740256,0.0174979683,1,fac1,1
v000088,0.589454555,-0.015613988,-0.106888152,0.3563166001,-0.092253808,-0.094284922,0.0311587705,1,fac1,1
v000089,0.2514488006,0.1137518585,0.1426146259,0.2420163216,0.053664896,0.0981032666,0.0637174674,0,,
v000090,0.5722542592,-0.046111343,0.0964530976,0.046681318,-0.365541407,-0.238319672,0.0184719565,1,fac1,1
v000091,0.5006606351,0.0864601667,0.3930869727,0.04109852,-0.181349084,-0.313298784,-0.262620213,1,fac1,1
v000092,0.1415131915,0.2479551074,0.1298419835,0.0733117094,-0.161673254,0.0029554801,0.0939065842,0,,
v000093,0.2169516676,0.0370588148,-0.21967765,0.0383757501,0.7477600573,-0.384620425,-0.049440804,1,fac5,1
v000094,0.0963602195,0.036801024,0.1637092554,0.5157972819,0.1493706937,-0.156868717,-0.021123815,1,fac4,1
v000095,-0.141814601,0.4747868595,0.2973026663,0.1649262684,0.0022810091,0.0513435082,-0.120035884,1,fac2,1
v000097,0.0970866736,-0.13552945,-0.128434216,-0.002690505,0.7554308212,-0.121710632,-0.154750414,1,fac5,1
v000099,0.1669540469,0.1513750849,0.2526981206,0.0203080958,0.2231274662,-0.067634325,0.2025572275,0,,
v000100,-0.130857048,0.6084139251,-0.047133396,0.0866618579,-0.135835908,0.0467690789,0.1991707032,1,fac2,1
v000101,-0.33401642,0.4351726948,-0.009278922,0.3513405903,0.1318384956,0.1819072112,0.255546385,1,fac2,1
v000103,0.0789713836,-0.213992077,0.5782476443,-0.276854169,-0.190401651,0.02476471,0.2464627971,1,fac3,1
v000104,0.1971243246,0.1589812133,0.3124230673,-0.005508055,0.0188100281,-0.075184932,0.1289206852,1,fac3,1
v000105,-0.088336314,0.3589363322,0.1173402257,-0.17386618,0.3659007416,-0.105382297,0.2344498966,1,fac5,1
v000106,0.0210248675,0.0091788182,0.3420439084,-0.011133114,0.0020395169,0.0385208629,0.4746897209,1,fac7,1
v000107,0.1329962832,0.1493579448,0.3496437424,-0.034523713,0.216345216,0.166925985,-0.011248609,1,fac3,1
v000109,0.1761912376,0.1203253637,0.1222333899,0.0807480272,-0.051435488,0.0728701639,0.0575884161,0,,
v000110,0.3966772933,-0.083257167,0.0351136509,-0.017673373,0.1337564862,0.0140619527,-0.111929193,1,fac1,1
v000111,0.2931309816,-0.11945828,0.0204240902,0.1345956383,0.2228478809,0.1807540251,0.1500971866,0,,
v000112,0.2848361016,0.1622040778,-0.193918941,0.0081838863,0.210530863,0.2159763012,-0.024767112,0,,
v000114,0.4153717629,-0.204039208,0.3061635788,-0.22731625,-0.075828975,0.0365123012,0.0365388357,1,fac1,1
v000115,0.0573273161,0.2031128326,0.4903832183,0.2274358872,-0.094158517,-0.059679079,0.0122293468,1,fac3,1
v000116,0.3193708134,0.0448280301,0.183508642,-0.10660248,0.0354403575,0.2166408916,0.4212253733,1,fac7,1
v000117,0.4795236678,-0.468158089,0.0323926651,0.27699367,-0.07935335,-0.017957296,-0.326307833,1,fac1,1
v000118,0.163959331,-0.007560961,0.3448353184,-0.29954985,0.1522615705,-0.09098874,0.2020519959,1,fac3,1
v000119,-0.054401693,0.0187144685,0.5131071662,0.2156729143,-0.155517398,0.1116533276,0.0937419761,1,fac3,1
v000120,0.3139846621,0.4132924972,0.0606264879,-0.061544553,0.047639088,0.0514932103,0.0472528922,1,fac2,1
v000121,0.2824445404,0.0929766608,0.0839296334,0.13948144,-0.047372696,0.3806188234,-0.009599228,1,fac6,1
v000122,-0.007331843,0.0863141696,0.2924647599,-0.06891984,0.0244992511,-0.005007983,0.2147839889,0,,
v000123,0.3222171091,-0.043557584,-0.013709493,0.4437865162,0.22506992,0.0827349493,0.0780464755,1,fac4,1
v000124,-0.313060215,-0.20066564,0.3224362479,-0.047513535,0.0327647498,0.7881292514,0.0872862236,1,fac6,1
v000125,0.2565205361,0.0639338408,0.2192019877,-0.017597839,-0.040434721,0.1576717398,0.2396076842,0,,
v000126,-0.041945937,0.4937049378,-0.063078745,-0.184750929,-0.028870175,0.0357154263,0.0033438374,1,fac2,1
v000127,-0.012660236,0.5436535097,0.0832930703,0.0979512091,0.0064281934,-9.504603E-6,0.0208420217,1,fac2,1
v000128,0.2311896088,0.3485512139,0.1546471329,-0.123855208,0.0580044294,-0.084222974,0.1841416781,1,fac2,1
v000129,0.2395337052,0.1084871848,0.5216500372,0.2137859838,-0.154744865,-0.041320949,0.0360092714,1,fac3,1
v000131,-0.102005728,-0.016927167,0.1844891481,0.0876114305,0.5192667516,0.0867000516,-0.014543431,1,fac5,1
v000132,0.2189028085,0.3848947419,0.0405976355,-0.067163743,-0.055171811,0.0169122171,-0.071524062,1,fac2,1
v000133,0.0763360052,0.2745657986,0.1101580462,0.2822410256,0.0321064615,0.0301631434,0.0816757395,0,,
v000134,0.1888840205,0.2777082621,0.2673542889,-0.003911628,0.0675548657,-0.01696214,0.0685559916,0,,
v000135,0.0301900129,0.4541912942,0.1551621616,0.0251441537,-0.186332457,-0.08261628,0.0996799347,1,fac2,1
v000136,0.4450514363,-0.062650675,0.047450299,-0.079139054,0.0354301546,0.0693562378,-0.2102294,1,fac1,1
v000137,0.3845049512,-0.099053606,0.0036862481,0.0184250605,0.2987968384,0.0456581266,0.0452208519,1,fac1,1
v000138,0.1570806206,-0.115188772,0.2016578069,0.1245542748,0.4737708091,-0.165089262,-0.139285187,1,fac5,1
v000139,0.4565065782,0.0912268106,0.0746977868,-0.119030676,0.0220666417,0.026425203,0.2486920605,1,fac1,1
v000141,-0.004834791,0.4948252713,0.1430731966,-0.02773274,0.2830168636,-0.094626668,0.0963581628,1,fac2,1
v000142,0.3583175568,0.1124320702,0.2770145622,-0.153792206,0.0147278997,0.1729017101,0.1390232667,1,fac1,1
v000143,0.2724825232,-0.012279328,0.2285813005,-0.149062886,0.0808810335,-0.119126107,0.3386105928,1,fac7,1
v000144,0.2470865421,0.0370885739,0.3582530389,0.0118097382,-0.014953602,0.1985707874,-0.078589026,1,fac3,1
v000145,0.3346736899,0.3894194236,0.1654765116,-0.149048188,-0.136605462,0.1210265048,-0.094382017,1,fac2,1
v000146,-0.126823417,0.3739539674,0.3372758236,-0.105426438,-0.30496671,0.0927539982,0.2225634073,1,fac2,1
v000147,0.0910131661,-0.143185049,-0.201463421,-0.262934055,0.9437225906,-0.320416901,0.1098720894,1,fac5,1
v000148,-0.015572709,0.2066078642,0.2885044535,-0.229412882,-0.147883268,0.0156378884,0.399161834,1,fac7,1
v000149,0.2712759633,0.0429137353,-0.025589051,-0.116024353,-0.217108419,0.4831202639,-0.334668459,1,fac6,1
v000150,0.3493561068,0.032159156,-0.015161156,0.3771682184,-0.096665864,-0.060099275,0.2658088135,1,fac4,1
v000151,-0.142637347,0.4120895582,-0.135539401,0.4430063675,0.0311677721,-0.274766102,0.4962567162,1,fac7,1
v000152,0.1536820523,0.1813400376,0.3329602586,0.2743800375,0.0051230912,0.064435839,-0.074251141,1,fac3,1
v000153,0.4914060473,0.1224811671,0.2539717001,0.0908823874,-0.101601064,-0.029697575,-0.020414205,1,fac1,1
v000154,0.1983915734,0.2404860929,-0.285937579,0.2279036604,0.0427130948,-0.329610066,0.1926045365,1,fac6,-1
v000155,0.3404373487,-0.270841741,0.2202996392,0.0079335199,0.0320462113,0.0934215528,-0.017654597,1,fac1,1
v000156,0.1112165117,0.180683904,-0.024111672,-0.083365477,0.204701577,0.0811972511,-0.054254207,0,,
v000157,0.5293726063,-0.209627483,0.0760695953,-0.129368603,-0.230247894,0.1069649099,-0.27750742,1,fac1,1
v000158,-0.390126119,0.3930649799,0.2254038315,-0.138204501,0.2595548594,0.4456866076,-0.100754096,1,fac6,1
v000159,0.4357477539,0.1740840899,0.0758185197,0.0151585635,-0.068429546,-0.005263264,-0.059226303,1,fac1,1
v000160,0.3599071593,-0.362496656,0.129141509,-0.22504785,-0.119794816,-0.110374348,0.2984466688,1,fac2,-1
v000161,0.0219404142,0.4771152645,0.0976350889,-0.03367388,-0.042074134,0.151471485,0.2124698585,1,fac2,1
v000162,0.1184533454,-0.112910424,0.1208945384,-0.009490912,0.2827374904,0.1632244259,0.0315462073,0,,
v000163,0.2259560195,0.0637240286,0.110147796,0.0530060942,0.0891320133,0.1637841768,0.0647889645,0,,
v000164,0.0542005878,0.1996600699,0.1838284384,0.2739114653,0.1018780986,0.1187532667,0.2180046695,0,,
v000165,0.2193345841,0.084203982,0.3999265564,0.0687261315,-0.114737676,0.0341166868,-0.037341478,1,fac3,1
v000166,0.0917919457,0.2921426239,0.2008936206,-0.06304203,-0.189268747,0.1952137769,-0.13268184,0,,
v000167,0.1106410242,0.4072730049,-0.118049653,0.0231117915,0.0802000645,-0.162205974,0.0194839994,1,fac2,1
v000168,0.0337924797,0.1930869648,0.3147476217,0.0662268547,-0.050306115,0.0371294181,0.3071558604,1,fac3,1
v000169,0.0047745138,0.1055278103,0.0771658554,0.3128737374,-0.137088314,0.3005061691,-0.040814936,1,fac4,1
v000170,0.139461726,0.0900544697,0.1471756916,0.0187051693,-0.026941162,0.1163057924,0.2975562712,0,,
v000171,0.0588831405,-0.022858169,0.0170114414,0.0671886953,0.7337604969,-0.06132064,-0.156708413,1,fac5,1
v000172,0.0760278515,0.0606835783,0.4994482916,-0.058292689,0.2630478192,-0.087101074,-0.14421745,1,fac3,1
v000173,-0.107445,-0.037678829,0.1903448347,0.1748372759,-0.07686496,-0.067225721,0.2171758266,0,,
v000174,0.4459803385,0.0831369683,0.0592025211,0.0128301788,0.2416012474,0.0995347624,0.0738607162,1,fac1,1
v000175,0.1615717861,0.4240867654,0.1081085933,0.0245825571,-0.062412565,0.1274140576,-0.011124223,1,fac2,1
v000176,-0.00481203,0.3561790105,-0.021783116,0.0828475268,0.1143199167,0.0602398355,0.1985433383,1,fac2,1
v000177,-0.375645375,0.3028672207,0.1254246661,0.1432777384,0.1723365209,-0.120832349,0.0220833301,1,fac1,-1
v000178,0.1922953152,0.2511115972,0.2590264959,-0.211300394,0.0660793587,-0.020828173,-0.081034578,0,,
v000179,0.2179465575,0.1847845569,0.3367703004,-0.017859233,0.1366345433,0.1324195341,0.0937331577,1,fac3,1
v000180,0.2368361738,0.5494564835,-0.090211628,0.0017743097,0.0658456583,-0.204317196,-0.037935879,1,fac2,1
v000181,-0.29161076,0.5235175545,0.2301776539,-0.107366595,-0.240658722,0.1598398473,-0.130589274,1,fac2,1
v000182,0.3373897923,-0.003319396,-0.312145522,-0.309555051,-0.076681569,0.3048472881,0.4063030421,1,fac7,1
v000183,0.2002747955,0.3829379807,0.0968749922,-0.004940803,0.0707624928,0.0429714873,-0.202343817,1,fac2,1
v000184,0.1359272601,0.247603185,0.0406340842,0.2130957629,0.1026584892,-0.12593727,0.2710943995,0,,
v000185,0.1384816957,0.3191235103,0.083198311,-0.141080835,0.1920781898,0.167268406,-0.038063189,1,fac2,1
v000186,0.0306114511,0.2257215695,0.3221419045,-0.068269415,0.1961219682,0.0178047373,0.19252974,1,fac3,1
v000187,0.3062528566,-0.21921666,-0.23938649,-0.330669872,0.2268473712,0.2458560335,-0.21668828,1,fac4,-1
v000188,0.2515686499,0.1204287647,0.1546224612,-0.156183298,0.0531969137,0.2523712162,0.2215474649,0,,
v000189,0.4852537339,-0.060005334,0.0579524894,0.0653369599,0.0813295951,0.0313735242,-0.041035873,1,fac1,1
v000190,0.2566391315,0.5668179592,-0.188832917,-0.062361986,-0.227833583,-0.153682842,-0.003474759,1,fac2,1
v000191,0.3752274324,0.1921711914,0.3712161283,0.0496516508,-0.010073142,-0.039652929,0.0582329183,1,fac1,1
v000192,0.1300281365,0.1060518406,-0.035658896,-0.079367135,-0.20592756,0.4447300532,0.085406611,1,fac6,1
v000193,-0.079737995,0.0269928906,0.1346084107,0.1998902812,-0.016637857,0.0697730566,-0.222184305,0,,
v000194,0.3207376884,0.3751771673,-0.142203353,0.0334140087,0.1077345482,-0.346200299,-0.291957401,1,fac2,1
v000195,0.1753070944,-0.204903812,0.0766885718,0.742536184,-0.069516816,-0.211066385,-0.180037574,1,fac4,1
v000196,0.4974580761,-0.090332044,-0.242959024,0.4099276744,-0.057955865,-0.164398693,0.0365651481,1,fac1,1
v000197,0.2176752272,0.0836700484,-0.072174423,0.0199882839,-0.20931823,0.4470164897,0.1516528501,1,fac6,1
v000198,-0.063105557,0.475640825,0.2854811595,-0.18534795,-0.016100753,-0.031323436,0.2080047482,1,fac2,1
v000199,-0.053827089,0.1861782061,0.2653111086,0.0616294737,0.1186904146,0.0516948116,0.1549734642,0,,
v000200,0.2520399607,0.4042512048,0.0317198901,0.0860400315,-0.035816395,0.0457261851,-0.042018962,1,fac2,1
v000201,-0.046975105,-0.38610596,0.108610379,-0.120911939,0.7699664877,0.3251071912,-0.117403132,1,fac5,1
v000202,0.0133215669,0.2032695956,0.2155081438,-0.027787036,0.1680499158,0.0199312834,0.2415952218,0,,
v000203,0.0581479989,0.1746582512,0.3039835061,0.0320568387,0.2486680846,-0.089635001,0.1382558934,1,fac3,1
v000204,-0.205267431,0.0286671202,0.2490241887,-0.322518695,0.4194764772,0.2671425418,-0.089139352,1,fac5,1
v000205,-0.081819041,0.1442058318,0.2662018058,0.1207855333,-0.034224078,0.0953698641,0.255410848,0,,
v000206,0.1308353362,0.1423062837,0.0464590572,0.1659638162,-0.121326367,0.0862852887,0.1812543045,0,,
v000207,0.3059809575,-0.145666624,0.3687324781,-0.072727136,-0.00942644,0.0597205158,-0.048682265,1,fac3,1
v000208,0.1442621865,-0.115737082,0.3861812743,0.1324479125,0.157537512,0.0644766523,0.0477140274,1,fac3,1
v000209,0.6149962862,0.1573090791,-0.089957467,-0.122976656,-0.203952945,-0.232208652,0.1647414517,1,fac1,1
v000210,0.5390357974,0.0191525831,0.034244711,0.0944936518,0.0744088763,0.0522421885,0.2506262691,1,fac1,1
v000211,0.3901904804,-0.076351843,0.1802538423,0.2306168997,-0.139420962,0.3025043187,-0.115132998,1,fac1,1
v000212,0.2637576369,0.1246111686,0.2228497815,-0.000194193,0.1549044736,0.2090369711,0.0906317198,0,,
v000213,0.2752817393,-0.026090059,0.0827305932,-0.045964987,-0.089729019,0.1186739882,0.2584722458,0,,
v000214,0.1814243974,0.3916712738,0.0328491482,0.0160217224,-0.090682131,0.0626766621,-0.141366725,1,fac2,1
v000215,0.2056480904,0.1546991509,0.4038548398,0.0549397443,-0.083298961,0.0863887897,0.1083473539,1,fac3,1
v000217,0.1620993601,0.2715127297,0.0656348417,-0.004836765,0.0308910063,0.2109932143,0.0386659281,0,,
v000218,0.0742990655,0.1923924604,-0.401913765,0.5997610374,-0.146222216,-0.386040056,0.175521146,1,fac4,1
v000219,0.0650354102,0.0627144119,0.3311159929,0.4282922313,-0.024664709,0.0767767092,-0.151365864,1,fac4,1
v000220,0.2344777495,0.1302086594,-0.259402684,-0.009556793,-0.162558414,0.5093768404,-0.102758394,1,fac6,1
v000221,-0.071861625,0.2854837285,-0.099872083,0.0524973768,-0.634766672,0.447369921,0.0622094539,1,fac5,-1
v000222,-0.130898778,0.2169067077,0.2191976122,0.100265531,-0.002930379,0.2447208239,0.0001828232,0,,
v000223,0.1227290786,-0.002073657,0.3360452387,-0.054730627,-0.142752151,-0.052932169,0.2928212899,1,fac3,1
v000224,0.0707898435,0.263744151,0.1801064084,0.0133079449,-0.038760653,0.1092726175,0.0465976065,0,,
v000225,0.081166536,0.3118936179,0.0410475847,-0.092283063,0.139173401,0.1733431025,0.0662717337,1,fac2,1
v000226,0.4502141742,-0.088450989,-0.218571726,-0.13426792,-0.144756671,0.0335768994,-0.042547015,1,fac1,1
v000227,0.202677966,-0.676640991,0.0295406559,-0.410301091,-0.413841437,0.868272978,0.270069418,1,fac6,1
v000228,-0.327484062,0.4705370878,0.3368210707,-0.116504263,0.1498814704,-0.27244615,0.2615429709,1,fac2,1
v000229,-0.137461266,-0.13871741,0.094674165,0.793553683,-0.227812663,-0.37176833,0.0989174953,1,fac4,1
v000230,0.1425811021,0.2364436914,0.1745130237,-0.026409475,0.2658323079,0.0044277905,-0.078979994,0,,
v000231,0.5256395974,0.0427394293,0.1191663097,-0.134479613,0.1292729588,-0.043494803,0.0399383278,1,fac1,1
v000232,-0.007803257,0.182593087,0.1507040859,0.156512881,-0.176319687,0.3255391868,0.0141858415,1,fac6,1
v000233,0.2446841716,-0.059198343,0.0926293678,0.0740174275,0.1314950929,0.1079322386,0.0313671992,0,,
v000234,0.1183236352,0.4673025204,-0.385242918,0.0402920814,-0.127865835,-0.085071287,0.124971336,1,fac2,1
v000235,0.0678541843,0.1332301563,-0.000552309,0.1048500288,-0.194065017,0.1422834608,0.2929137194,0,,
v000236,0.1297967125,0.116685914,0.3111569217,0.0096993264,-0.037806524,0.1796703353,0.0308462188,1,fac3,1
v000237,-0.204714126,0.200391383,0.2477832725,-0.010586515,0.2476093476,0.0791084143,-0.068761487,0,,
v000238,0.357732013,0.096951579,0.1850318084,0.0027973024,0.234946482,-0.100786003,-0.012193273,1,fac1,1
v000239,0.0162111245,0.7361602651,-0.27013691,-0.062960427,-0.074443674,0.2120651746,-0.046398601,1,fac2,1
v000240,-0.14171495,-0.146639902,0.7020142206,0.1909251984,-0.145222102,-0.102880028,0.3072569363,1,fac3,1
v000241,0.2384708651,0.2791915411,0.1452371285,-0.025272253,0.2806243562,-0.056912284,-0.142901501,0,,
v000242,0.57439075,-0.119114966,0.1925749991,-0.134694164,-0.264636405,0.1656995656,-0.026008367,1,fac1,1
v000243,0.0644924914,0.2098927349,0.0419894544,-0.043136404,-0.026698881,0.0267694867,0.4582203308,1,fac7,1
v000244,0.2217445373,0.2215227744,0.0399252369,-0.091128165,-0.063008489,0.1255142361,-0.236991832,0,,
v000245,0.08530059,0.0287075871,0.2952551346,-0.044314059,0.0615263131,0.150940211,0.1260677522,0,,
v000246,-0.514771054,0.610358019,-0.184512633,-0.179921966,-0.228143879,0.0868789518,0.4406764171,1,fac2,1
v000247,-0.128156256,0.4151233712,0.2555744323,0.2714378221,-0.09817664,-0.073756241,-0.012759647,1,fac2,1
v000248,0.0208353157,0.1821286641,0.0376958853,0.2009787733,0.0631016078,-0.152321509,0.2930589707,0,,
v000249,0.431990596,-0.208987771,-0.263904622,-0.409838992,0.0609185306,0.0692107181,0.514467074,1,fac7,1
v000250,0.1501796659,0.3150321139,0.044206678,0.12129972,-0.131184414,0.118607079,-0.199710826,1,fac2,1
v000251,0.2169410458,-0.017074357,-0.081944067,0.3355604384,-0.070079693,0.1972777399,0.0767150332,1,fac4,1
v000252,0.2849197508,-0.123337647,0.3795172047,0.1097104441,0.0953175803,0.094708416,0.0383557466,1,fac3,1
v000253,-0.014821851,0.2179034625,0.0251808682,0.2366767289,-0.050741591,0.2385491333,0.1312872032,0,,
v000254,0.30351399,-0.05706683,0.2839870493,0.033062754,0.1753602078,-0.048364645,-0.063677751,1,fac1,1
v000255,0.6470409711,-0.349626134,0.0372277409,0.1178681124,0.1300186974,-0.086422098,0.1690286322,1,fac1,1
v000256,0.3364670211,0.1025362407,0.2666851459,-0.088318989,0.0406315009,-0.161444063,0.1184463253,1,fac1,1
v000257,0.0211819771,-0.003773356,-0.014388799,0.2980248942,-0.263883385,0.1050401914,0.0960447155,0,,
v000258,-0.094291631,0.3130077849,0.2820847016,-0.046539934,0.1103843226,0.1989112173,0.0946633597,1,fac2,1
v000259,-0.025309439,0.2788442609,0.2022819999,-0.135920746,-0.203367041,0.0897868958,0.4351736912,1,fac7,1
v000260,0.1738620482,0.3355102809,-0.158691431,-0.124752426,-0.192728559,0.3601665756,-0.047057169,1,fac6,1
v000261,0.3449960215,0.1823527897,0.3791443314,0.0980314725,-0.122496,-0.083234157,-0.016025365,1,fac3,1
v000262,0.0147312079,-0.280361297,-0.124008302,0.0437148472,-0.445912653,-0.141517298,0.6216464869,1,fac7,1
v000263,0.3901669768,-0.029945386,0.6895170618,0.2334693601,-0.336688624,-0.205984625,-0.400016397,1,fac3,1
v000264,0.558551806,0.1019751198,0.3482688505,0.1961076497,-0.216430336,-0.085575236,-0.223656902,1,fac1,1
v000265,0.0964851099,0.3385464699,0.6976852733,-0.140058714,-0.128913361,-0.273568016,-0.375988608,1,fac3,1
v000266,0.0600196669,0.392685111,0.3311750863,0.0408628562,0.0995120163,0.1028996592,0.0233965187,1,fac2,1
v000267,-0.157829545,0.3454012574,0.2375180898,0.459759602,-0.05348421,0.1654863485,0.0420357372,1,fac4,1
v000268,0.157193338,0.1825021483,0.1081584982,0.3871292306,-0.059713735,-0.257122519,0.2279419968,1,fac4,1
v000269,0.5838602802,-0.088685678,0.0354711578,0.076001116,0.1918319371,-0.161673188,0.081923556,1,fac1,1
v000270,0.2353419049,0.4045953419,0.1285587943,-0.230942675,-0.079434835,-0.212864851,0.034873217,1,fac2,1
v000271,0.2536595927,-0.019932623,0.4261630449,0.0711328357,0.0068553593,-0.023601723,0.1419439473,1,fac3,1
v000272,-0.270833743,0.2357471094,0.6624342087,0.1059474633,0.2054042609,-0.242089771,-0.081961873,1,fac3,1
v000273,0.1305763703,0.0931803883,-0.023885101,-0.021491789,-0.00145112,0.1337439732,-0.033453855,0,,
v000274,-0.073470664,-0.061245248,0.5165104911,-0.423631237,0.1628244823,-0.211891453,0.4521068962,1,fac3,1
v000275,0.1091765362,0.001676134,0.2216961877,0.1006522237,0.2289125669,-0.124941748,-0.137710548,0,,
v000276,0.0824541653,0.2410215552,0.1757166548,-0.134400134,-0.057227096,0.0702926008,0.3546978435,1,fac7,1
v000277,-0.100816254,0.1091529052,0.5450070773,-0.252913056,-0.017435862,-0.089488655,0.2442151591,1,fac3,1
v000278,0.2505770081,0.0897866314,0.2809028344,-0.008636176,0.1314973625,0.0147825407,0.1370899691,0,,
v000279,0.0545692214,0.247179396,0.4992631085,-0.164000809,-0.073394091,-0.129741203,0.1746682027,1,fac3,1
v000280,-0.41268832,-0.082480213,-0.045806914,0.327325327,0.0108055189,0.8638738524,-0.028737491,1,fac6,1
v000281,0.1109833918,0.2605475812,-0.136522428,-0.106873556,0.2411335553,-0.004711494,-0.08971281,0,,
v000282,0.2131404779,0.0216297844,0.332157871,-0.078187902,0.1007329565,-0.345765063,0.1114040412,1,fac6,-1
v000283,0.3035340606,0.1238899312,0.1174260505,0.0180420164,0.1877317543,0.1705412615,0.1129550692,1,fac1,1
v000284,0.2004480207,0.2467915825,0.1685309546,-0.0231101,-0.018060384,0.1890136711,-0.03627222,0,,
v000285,0.487479305,-0.064075509,0.4725084875,0.0261377788,-0.095031602,-0.075112506,-0.34299588,1,fac1,1
v000286,0.1571061111,0.4560599498,-0.135575184,-0.37630494,-0.129695145,0.0702138207,-0.11440363,1,fac2,1
v000287,0.1213034324,-0.150596938,0.1846477219,0.2271319846,0.0509658331,0.1344683549,0.2983061557,0,,
v000288,-0.135695692,-0.182248991,0.4258118297,-0.040385491,0.2056426352,0.0666704323,0.0597582293,1,fac3,1
v000289,0.245528831,0.1857107541,0.2660583003,0.0358188918,-0.02054158,0.0687797198,-0.262768368,0,,
v000293,0.2040701269,0.1276774337,0.0584932354,-0.105237472,-0.068533646,-0.054317202,0.2203195262,0,,
v000294,0.3300852326,0.2216742258,0.052271058,-0.139687521,0.0778285532,0.0709231934,0.1295868356,1,fac1,1
v000295,0.4845638669,0.1639558521,0.116062919,0.1373377692,0.1585603359,-0.02691969,0.0785650729,1,fac1,1
v000296,0.1481569542,0.1123507503,0.2434425125,0.1690753144,-0.020407664,0.2737102219,0.0688170802,0,,
v000297,0.2372282364,0.1889287533,0.2462702471,-0.027960464,0.048667186,0.0981776853,-0.031090529,0,,
v000298,0.3071315871,-0.086930596,0.2052371114,-0.249240989,-0.298798032,0.0863695609,-0.129106699,1,fac1,1
v000299,0.2333887713,0.1452842229,0.0737025166,-0.151089332,-0.080075974,0.2692789351,0.0940117654,0,,
v000300,-0.139392309,0.2819148265,0.1420426452,0.1513071523,-0.057858034,0.118657176,0.1222703601,0,,
v000301,0.2869483493,0.0736700644,0.2479998045,-0.030551461,0.0983900408,0.2178174613,0.0239394604,0,,
v000302,0.3940664521,0.2356884033,0.0440478118,-0.051462394,-0.063592171,-0.028594626,0.300369429,1,fac1,1
v000303,0.2314377725,0.0306742185,0.2445355638,0.027242147,0.0554143206,0.1951286298,0.0878630006,0,,
v000304,-0.183837082,0.3737661272,-0.077840091,0.3475683719,-0.037652412,0.2520883899,-0.067442589,1,fac2,1
v000305,0.1270208431,0.0256919995,0.0607870295,-0.248005248,0.1946199417,0.0327894215,0.3701747523,1,fac7,1
v000306,0.0977639314,-0.088494111,0.0092411132,0.2386438323,0.1562668103,0.1400961784,0.199226818,0,,
v000307,0.1448503651,0.1658468683,0.2201735492,0.18535178,-0.16500417,0.0517070237,-0.117137023,0,,
v000308,-0.140242452,0.4604564509,0.2209076584,0.13932391,0.0182388715,0.0616202523,0.1003698578,1,fac2,1
v000309,0.4046214405,0.0742234514,0.0172338966,0.1808736194,0.1110280082,0.0507204504,0.1070248313,1,fac1,1
v000310,0.0631218065,0.3147516565,0.1142150185,0.0538726481,-0.234790863,0.0913925396,0.0989903018,1,fac2,1
v000312,0.1486720775,-0.105969224,0.2031288947,-0.160958329,0.087412369,0.0269744847,0.2773584742,0,,
v000313,0.405836746,0.0012877531,0.4216869716,0.0468160492,0.1047654659,0.1204325354,0.0275077896,1,fac3,1
v000314,0.0745796258,0.1770543558,0.3589910523,0.1048712124,0.1094484001,0.0619759346,-0.140505438,1,fac3,1
v000315,0.2545291727,-0.147578033,0.0290152888,0.0335177141,0.4998222018,0.0082836661,0.0999988096,1,fac5,1
v000316,-0.034827963,0.1531980873,0.3128328768,0.1041575198,-0.14806314,0.0539188955,0.0004089173,1,fac3,1
v000317,0.465178395,0.2330473831,-0.038709827,0.0157351831,0.0579260144,0.0253438765,0.1752250174,1,fac1,1
v000318,0.105979062,0.0280179583,0.1893879604,0.0303865613,0.0953602286,0.1950272779,0.1693738067,0,,
v000319,0.1065045006,0.1786800019,0.1653223601,-0.126994149,0.1451504884,0.1906432162,0.0376938404,0,,
v000320,0.2068510799,-0.193369335,0.0633069959,-0.146769081,0.7330908188,-0.415949599,-0.332265849,1,fac5,1
v000321,0.6942688279,-0.036117319,-0.053663255,-0.089689576,-0.258361712,-0.219273348,0.1798388452,1,fac1,1
v000322,0.3632766508,0.266622445,-0.056111172,-0.028587474,0.0363232052,0.0578711113,0.2063144912,1,fac1,1
v000324,0.0613951131,0.124528162,0.2309998017,0.2673110319,0.1841124905,0.103324512,0.1399215232,0,,
v000325,0.4072984328,0.235673406,-0.006663588,-0.022310833,-0.11873918,-0.122160441,0.0228482531,1,fac1,1
v000326,0.211609915,0.0509821299,0.2721851833,0.1291705535,-0.035859523,0.0995319891,0.1690994184,0,,
v000327,0.3241757244,0.1609642888,-0.141260299,-0.065569975,-0.156345645,0.2779651428,0.1458153279,1,fac1,1
v000328,0.4472048531,0.0429354581,-0.118341681,0.2264853613,0.0328360216,-0.271825553,-0.061576655,1,fac1,1
v000329,-0.016919788,0.2893900867,0.3181222907,-0.30437922,-0.063301342,0.2096712755,-0.108909367,1,fac3,1
v000330,-0.023337691,0.0045026204,0.0504360072,0.2426135653,0.1638769936,0.3650506214,-0.01435603,1,fac6,1
v000331,0.1704352752,-0.040060674,0.1782981447,-0.087286015,-0.147104669,0.1954424512,0.4607158946,1,fac7,1
v000332,0.1551639149,-0.082924955,0.0021823244,0.6285657835,0.1246491865,0.0942984282,0.0219026913,1,fac4,1
v000333,-0.270550055,0.2737956744,-0.567070078,0.5915394628,0.3420118233,0.2005600021,0.2617457127,1,fac4,1
v000334,0.2607265423,-0.206411378,-0.327857757,0.3905171598,0.0114345652,-0.056874024,0.3182616395,1,fac4,1
v000335,-0.074259978,-0.038568175,0.0325779837,0.5841682539,0.2016479363,0.1587684187,-0.098422217,1,fac4,1
v000336,0.0607493025,-0.103294906,-0.124187955,0.6883146041,0.0105560037,0.1134021995,-0.075983752,1,fac4,1
v000337,0.2911072656,-0.051838293,-0.027480612,0.5908085908,0.0506492208,-0.068376196,-0.066016907,1,fac4,1
v000338,0.0505923237,0.3119812157,0.0918873278,-0.083465216,-0.032089716,-0.070423227,0.4530075143,1,fac7,1
v000339,-0.014300529,0.1282829539,0.0469152264,-0.013341847,-0.094698527,-0.05334627,0.6095255535,1,fac7,1
v000340,0.0690673714,0.2426058712,0.4431960107,0.1545766606,0.0500418271,0.0067672738,-0.015482456,1,fac3,1
v000341,0.1172272131,0.2641576193,0.0643592091,-0.041887866,0.0967092265,-0.056643937,-0.106430004,0,,
v000342,0.041099336,0.2664167491,0.1595307714,0.2128429785,0.2469390983,0.0326706563,0.0008853706,0,,
v000343,0.3371702851,-0.014366001,0.1108708782,0.2111255013,0.0097979217,-0.198628549,0.0259946444,1,fac1,1
v000344,0.0050360283,-0.048539716,0.4755787745,0.0048804924,0.3636183743,-0.237124879,-0.172279404,1,fac3,1
v000345,0.2594570079,0.3006346328,0.0532031782,-0.034007075,-0.003524349,0.1529151454,0.188607522,1,fac2,1
v000346,-0.010864437,0.0848643313,0.2627635889,0.0164561051,-0.237226034,0.3506496041,0.1786985182,1,fac6,1
v000347,0.1717496038,-0.268781374,0.3765993971,-0.20195237,-0.092260482,0.5613264617,0.0791902302,1,fac6,1
v000348,0.2583537382,0.3012452946,0.0916280788,0.1149794735,-0.099651357,0.0061410551,-0.054372877,1,fac2,1
v000349,0.2076993124,0.2825379639,-0.048990142,-0.332548891,-0.136655714,0.4540382675,-0.094345935,1,fac6,1
v000350,0.0288660912,0.426653984,0.1315810834,0.2021026232,-0.046842106,0.0002076051,-0.192550838,1,fac2,1
v000351,-0.065297302,0.4477376713,0.1846822276,-0.158205435,-0.084901757,0.3354860519,-0.362326742,1,fac2,1
v000353,0.2471362673,0.1523624798,0.0714272804,-0.048686938,0.1988850305,0.1358312598,-0.09190199,0,,
v000354,0.360816571,0.1387469066,-0.062463733,-0.075418984,0.010092432,0.066472654,-0.060784478,1,fac1,1
v000356,0.6674434816,0.0479405319,-0.008489672,-0.022539151,0.1686771991,-0.038173623,0.0236008798,1,fac1,1
v000357,0.3052237578,0.1582976741,0.0358629564,0.0538714023,-0.206487703,0.0661206453,0.1944902381,1,fac1,1
v000358,-0.437851934,0.3394678395,0.1269852603,0.6318220326,-0.269596595,0.1782489191,-0.124352469,1,fac4,1
v000359,-0.083123287,0.5974008879,-0.117382423,-0.05299212,-0.120816062,0.1199325781,0.2752676816,1,fac2,1
v000360,0.2511803042,-0.033201118,0.0944220956,-0.027160698,0.2782804682,-0.047661208,-0.051017126,0,,
v000361,-0.096440848,0.2668500899,0.3309005344,-0.200507577,-0.058462348,-0.072445873,0.2976442323,1,fac3,1
v000362,0.1146649405,0.295173933,0.1585159401,-0.161446929,-0.021936551,0.1160001354,-0.134418534,0,,
v000363,0.1124095299,0.4337758574,0.1964052125,-0.03146052,-0.014331159,0.0415412373,0.1013302409,1,fac2,1
v000364,0.2199963874,0.2461445389,0.2021803109,0.0724396871,0.0715764664,0.0564865123,-0.125561928,0,,
v000365,0.3545837176,-0.0710775,0.2757826759,-0.181680008,0.0693625033,0.2289162564,-0.23915558,1,fac1,1
v000366,-0.084540975,0.3816193736,0.0975579847,-0.093857461,0.2421769447,0.1849729845,0.0244760013,1,fac2,1
v000367,0.0185626231,0.115888746,0.4453117728,-0.112628853,-0.017499714,-0.0067932,0.3210254736,1,fac3,1
v000368,0.3031920154,0.4108877211,-0.032819542,-0.281623385,-0.237589375,-0.097566732,0.074049511,1,fac2,1
v000369,0.4853923755,-0.022668916,0.3388579206,-0.083308527,0.0269791748,0.0600959526,0.0637294519,1,fac1,1
v000370,0.1542130198,0.3012994575,0.0416232984,0.0599574702,-0.12733831,0.0930007654,0.1867971275,1,fac2,1
v000372,0.2559030054,-0.072757886,0.1109929587,0.2801184129,0.1325750579,0.1335967663,0.0600213049,0,,
v000373,0.0398853318,0.2250069606,0.293331866,-0.030979743,0.0257589992,0.062352383,-0.016811317,0,,
v000374,0.1641934928,0.0547343709,-0.014570635,0.023458047,0.0295531669,0.0154303028,0.2545011881,0,,
v000375,0.155941283,0.078832567,0.267158485,-0.067502116,0.0391850464,-0.020340391,-0.025223669,0,,
v000376,0.5100738174,0.0607918963,0.2355317439,-0.056686792,0.2890980406,0.0990251952,0.0447470438,1,fac1,1
v000377,0.1281757697,0.1469576589,0.249554949,-0.032768477,-0.114928109,0.3234466685,0.1358759716,1,fac6,1
v000378,0.1349201272,0.4769153125,-0.225465934,-0.370208394,-0.081858588,0.0377218228,-0.039615507,1,fac2,1
v000379,0.3945987271,0.1144191747,0.2620898545,0.1312890582,0.0340729374,0.1088195827,-0.010947045,1,fac1,1
v000380,0.1524785255,0.3232598816,0.0399427898,-0.08247816,-0.08818501,0.1733776435,-0.019411754,1,fac2,1
v000381,0.230098676,0.1777615941,0.182650129,-0.168759346,0.020811915,-0.059210258,0.0530973297,0,,
v000382,-0.051534777,0.0073045881,0.5308141026,-0.171241564,0.0662817914,-0.040030692,0.2714462682,1,fac3,1
v000384,0.0947753756,0.3140656334,0.0978156688,0.2051581195,-0.041346285,0.1023603774,0.1644267593,1,fac2,1
v000385,0.4717976553,0.0907584129,0.0362873535,-0.124650425,-0.057872917,0.2498990968,-0.056905191,1,fac1,1
v000386,0.0843841728,0.2164361233,0.4894472231,0.0873869682,0.055093125,-0.050734456,-0.14934265,1,fac3,1
v000387,-0.181618291,0.1239829321,0.0713356656,-0.071452914,-0.272933793,0.4836407349,0.0247891533,1,fac6,1
v000388,0.4146626292,-0.080927649,-0.069913967,0.1010900491,0.1038729043,-0.339352997,-0.033965651,1,fac1,1
v000389,0.0022316617,0.0625491983,0.1906972198,0.5981903499,-0.091928338,0.1068081345,-0.116727694,1,fac4,1
v000390,0.2381081202,-0.032245919,0.3444500371,0.1538720634,0.0666620989,0.1108531836,0.0997176877,1,fac3,1
v000391,0.3827791776,0.2212563956,0.1382494806,0.133514079,0.1274743391,0.1418261233,0.0174299994,1,fac1,1
v000392,-0.104341268,0.2623131967,-0.014470305,-0.011948001,0.0866574732,0.0329136998,0.0483012203,0,,
v000393,0.4131608953,-0.005649494,0.0996309993,0.1688866585,-0.040225126,0.0743541463,0.1286749986,1,fac1,1
v000394,0.2583121208,0.165217644,0.1156240036,0.0368111039,0.0921621252,0.0965784001,0.0255668877,0,,
v000395,0.0251128202,0.2222354607,0.2907355176,-0.061045824,0.1484163839,0.0318580636,0.2323931014,0,,
v000396,0.1630448785,0.3858849689,0.0251095054,0.0740675034,0.0767516904,-0.04083325,0.088484438,1,fac2,1
v000397,-0.080795267,0.082687973,0.5272477059,-0.032341126,-0.153932932,-0.168109457,0.4960168569,1,fac3,1
v000398,-0.02661634,0.1470252378,0.7331840191,0.0315555434,-0.205898027,-0.096295869,0.1352651457,1,fac3,1
v000399,-0.228366557,0.2835765111,0.2710493087,-0.153823787,-0.027590439,-0.060780073,0.4529828989,1,fac7,1
v000400,-0.0663809,-0.316668289,0.1916385854,0.0937929333,-0.153829523,0.4080765847,0.4132586864,1,fac7,1
v000401,0.2393973535,0.2156961546,0.1571928391,0.149930461,0.1301907179,-0.032265499,0.0508993944,0,,
v000402,0.3842424253,0.2277676911,0.108666651,0.1046454121,-0.165626776,0.0416048293,0.0002164714,1,fac1,1
v000403,0.2770539083,0.1866199466,0.029693865,0.0862547965,-0.075670824,0.139442601,0.3562300153,1,fac7,1
v000404,0.4015888652,0.1735080479,0.0066805059,0.0986568098,-0.090820267,0.0657122398,0.1276180612,1,fac1,1
v000405,0.272071209,-0.005835621,0.0696280745,-0.307922074,-0.025160463,0.0822797229,0.5259752625,1,fac7,1
v000406,0.4247144663,-0.051790345,0.0091246848,0.0875853418,0.1832488481,0.0089377723,0.2683020308,1,fac1,1
v000407,0.4719820105,-0.058956163,0.0055479296,-0.191115648,0.039774687,-0.006424693,0.440334745,1,fac1,1
v000408,0.0517832287,0.2728335232,0.2143846052,-0.377188882,0.4509741253,-0.153134894,0.2593561378,1,fac5,1
v000409,0.2266904307,0.2498645568,0.1677159814,0.1613576237,-0.03400286,0.3053623248,0.0132447648,1,fac6,1
v000410,0.3330548295,0.2092226884,0.4569609061,0.0621534357,-0.127336651,0.0360053463,-0.021486633,1,fac3,1
v000411,0.3087615303,-0.155013242,0.2472628262,0.1456530453,0.0461892822,0.0954530215,0.230043,1,fac1,1
v000412,0.5741144476,-0.210816621,-0.018338631,0.2304270834,-0.561126064,-0.297788043,-0.040960651,1,fac1,1
v000413,-0.028589699,0.0141868865,0.1584387528,0.4208401438,-0.16359422,-0.187858366,0.06462728,1,fac4,1
v000414,0.45641816,0.3611135321,0.1696391629,0.0223978797,0.0373259062,-0.099925174,-0.138297084,1,fac1,1
v000415,0.076069604,0.5507996771,-0.214743365,0.1575422464,-0.158546743,-0.03525591,0.0359292527,1,fac2,1
v000416,-0.413215698,0.1952336375,0.2759910075,-0.278626874,-0.182392142,-0.025223924,0.5799820744,1,fac7,1
v000417,0.3044269823,0.1137010707,-0.086203393,0.094017075,-0.071292784,-0.1212518,0.1822186232,1,fac1,1
v000418,0.0238819405,0.2509350961,0.2630778076,-0.018192545,0.0066922899,0.0797650692,0.2276141496,0,,
v000419,-0.121421175,0.0295492281,0.0634696977,-0.177920811,0.1609888206,0.495846788,-0.003045429,1,fac6,1
v000420,-0.041282576,0.4106873381,-0.047401471,-0.251441405,-0.08759549,0.1187135245,0.2359868339,1,fac2,1
v000421,0.0785097492,0.3197044703,0.1773233972,0.0036189237,0.2122468868,-0.041835468,0.2945859951,1,fac2,1
v000422,0.0773372532,-0.102221805,0.4974319011,0.0287971826,0.0825948722,0.1902812515,0.1761034363,1,fac3,1
v000425,0.2321036264,0.2358473332,0.1080560241,-0.047639379,0.0991637384,0.0557756007,-0.081199552,0,,
v000427,0.0692341281,0.0822598289,0.2556388819,0.1119710004,0.2232692386,0.0717403701,-0.01068842,0,,
v000428,0.0173776077,0.5933668126,0.0367170389,-0.341058293,0.0385152207,-0.026216048,0.0698221997,1,fac2,1
v000429,0.2948965474,0.1938540409,0.2034341341,-0.054749622,-0.035493698,0.156058653,-0.21961497,0,,
v000430,0.4217206429,0.0993265587,0.1436628799,-0.025309467,0.2664814784,0.178136142,-0.069666306,1,fac1,1
v000431,-0.111863846,0.2529269416,0.4324549571,-0.025004073,0.0741134108,-0.162272765,0.3715770321,1,fac3,1
v000432,0.1901574869,0.5516615943,-0.022102905,-0.139093767,-0.04722024,-0.027435827,0.049456284,1,fac2,1
v000433,-0.131645524,0.3308126965,0.4153961584,-0.072721466,0.3463936274,-0.264418763,-0.532600848,1,fac7,-1
v000434,0.381338871,0.0906182325,-0.213023222,-0.065716249,-0.004379635,-0.126364374,-0.229191363,1,fac1,1
v000435,-0.636340018,-0.224296413,0.0392060603,-0.840962558,-0.214839947,0.0666461681,-0.542661669,1,fac4,-1
v000436,-0.029335902,0.4537691318,0.3385023325,-0.198857482,-0.033294787,0.229975916,-0.109315736,1,fac2,1
v000437,0.1674493578,0.370861096,0.1465028791,0.0494773235,-0.066582529,0.2746782864,-0.058488117,1,fac2,1
v000438,-0.801774807,-0.321633284,-0.418654292,-0.185597195,-0.231148063,0.6152288899,-0.561562451,1,fac1,-1
v000439,0.2358541026,0.0815644556,0.2689614775,0.1874931917,-0.192425836,0.2051760011,-0.045846246,0,,
v000440,0.4062994969,-0.03212931,0.0408850469,0.1150783078,0.0574987759,0.0712379847,-0.006710905,1,fac1,1
v000441,0.1415482402,-0.050717663,-0.097929104,0.136393473,0.1973927735,0.4885049248,0.0061802758,1,fac6,1
v000442,-0.138429321,0.2454673968,0.5117789323,-0.220274821,0.1286149857,0.0154941136,0.0235456431,1,fac3,1
v000444,0.3056366291,0.0209915358,0.1041567174,0.3503596037,-0.195761728,-0.041564796,0.2410620422,1,fac4,1
v000446,-0.127258713,0.5810041946,-0.106853862,0.2354512432,-0.155714847,0.0001310883,-0.179642996,1,fac2,1
v000447,0.1877321511,0.072460296,0.1121445513,-0.051968665,0.0157864134,0.1310304346,-0.005353163,0,,
v000451,0.3737679134,0.229505115,0.0606757941,-0.071846635,0.1467159155,0.0140194664,-0.007372357,1,fac1,1
v000452,0.621873733,-0.064144657,0.0066319225,0.1008314297,-0.100108055,0.2165172062,-0.142914251,1,fac1,1
v000453,0.2957853878,0.1689482901,-0.151256155,0.1590080407,0.0040419237,-0.056423364,0.1184286569,0,,
v000456,0.1729799494,0.5742972119,-0.091855179,-0.265242932,-0.152164988,0.1538122203,0.0646645325,1,fac2,1
v000458,0.2057854963,-0.29172809,0.2834641674,0.3028784178,-0.29546021,0.1994822782,0.2833993144,1,fac4,1
v000459,0.0613256028,-0.06692223,0.0775489931,0.3566271572,0.0601449802,-0.057824929,0.4562381253,1,fac7,1
v000460,0.2998586601,0.2833794601,0.0666104813,0.0361189397,0.1286196086,-0.04438891,0.1190709654,0,,
v000461,0.0696642017,0.4225190317,0.1890618579,0.0841808905,-0.106388116,0.1192323219,0.0060860574,1,fac2,1
v000463,-0.02172473,0.3882886666,-0.098408962,0.3387162526,0.3914785907,0.2574275872,-0.165905467,1,fac5,1
v000464,0.1855038088,0.0649678265,0.1176964905,0.0378357189,0.1869906556,0.2463909942,0.1159649668,0,,
v000465,0.2773402113,-0.03105932,0.4494833806,0.219478889,-0.041652181,-0.194656018,0.1192545394,1,fac3,1
v000466,0.0754975924,0.2487319051,0.1147565702,0.1573896391,-0.156472116,0.340198654,0.1833651812,1,fac6,1
v000467,-0.114730004,0.2580130382,0.0960866796,0.2538251007,0.0042941019,-0.001954939,0.2772245376,0,,
v000468,0.4064367872,0.2974969609,0.146259695,0.0436114214,0.0664417171,0.0912895357,-0.123636651,1,fac1,1
v000469,0.2943743378,0.0893011735,0.042917551,-0.011536089,-0.066344588,0.4490576276,0.0209396243,1,fac6,1
v000470,0.6737305226,0.0799776456,-0.174813162,-0.263676902,-0.198043118,0.4039089431,-0.013312407,1,fac1,1
v000471,-0.052916559,0.2118563734,0.1995609386,0.2912158442,0.0137835649,-0.209991805,0.4247407605,1,fac7,1
v000472,0.2604136335,-0.018886062,0.1387857194,-0.086961183,-0.008756136,0.108865956,0.0631837783,0,,
v000473,0.2083403457,0.2287329555,-0.005497938,-0.147469034,-0.142955361,0.1889984005,0.0947579842,0,,
v000474,0.0829200943,0.4183718879,-0.05197366,-0.111714472,-0.078765561,0.1314466557,0.0482227464,1,fac2,1
v000475,0.0622382764,0.4112166082,-0.122081495,0.0906888669,-0.207074901,-0.012371351,-0.016716972,1,fac2,1
v000476,0.3216470174,-0.116293705,0.2634660354,-0.061974438,0.0227401686,0.2357827177,-0.140649632,1,fac1,1
v000477,0.2451364831,0.3350892833,0.1216951942,0.0498041376,-0.135799982,-0.080129112,-0.023794714,1,fac2,1
v000478,0.3548882338,0.1566109433,0.1472539031,-0.002888764,0.1574748269,0.0974062839,-0.001248225,1,fac1,1
v000479,0.2471153776,-0.1040515,0.1367478508,-0.023555301,-0.18115796,0.1539949239,-0.02675816,0,,
v000480,0.1102935857,0.0738262999,0.4326850892,-0.041034123,-0.040539197,0.1016347884,0.2202426183,1,fac3,1
v000481,0.223776671,0.3281334645,0.1619243784,0.2699514674,-0.050474413,-0.035027627,0.1891225483,1,fac2,1
v000482,0.2741003075,0.2608419406,0.22540915,0.0375398315,0.2109430072,-0.151927136,-0.032780805,0,,
v000483,0.1997354158,0.183401494,0.3331540634,0.2295953836,-0.082323255,-0.018009387,-0.189158386,1,fac3,1
v000484,0.2092109048,0.0529903683,0.0555058954,0.1902099978,0.0358095473,0.0182378106,0.1938698203,0,,
v000485,0.1141230127,0.2819340882,0.4016362495,0.0229345919,-0.044573891,0.0332920476,0.0226182507,1,fac3,1
v000486,0.2072428242,0.2125851148,0.1846361889,0.1455022507,-0.039336931,0.0092599621,0.0903222465,0,,
v000487,0.0940914721,0.1227024968,0.0851714277,-0.01778996,0.066805054,0.23870778,0.0584798562,0,,
v000488,0.3335292462,0.0167142725,0.0539996918,0.1177705778,0.38898111,0.0593597307,-0.201902177,1,fac5,1
v000489,-0.109159056,0.4296708456,-0.041900311,0.2053461099,-0.038849104,0.2083011284,0.3476427287,1,fac2,1
v000490,-0.039816569,-0.094408869,0.3652851314,-0.054160205,0.2569797751,0.1577023296,0.1096912489,1,fac3,1
v000491,0.2072198409,0.3550001427,0.1605139654,0.1972915952,0.1096857248,-0.041824505,0.0472801655,1,fac2,1
v000492,0.1256280161,-0.034874915,-0.038423115,0.1734011513,0.0223921649,-0.081438032,0.2149099526,0,,
v000493,0.0257375581,-0.078865068,0.10637105,0.0016521334,-0.335579167,0.6315983448,-0.052049112,1,fac6,1
v000495,0.3977119885,0.1726694228,0.1306575963,0.0514617275,0.1322759885,0.0036554824,0.0927805712,1,fac1,1
v000496,-0.062426377,0.2860616374,0.2458895214,0.1194692433,-0.136182341,0.2074389582,0.0629494754,0,,
v000497,0.5330277838,0.0383207098,0.1808007318,0.0572199294,0.1894225738,0.0818661389,0.1353523036,1,fac1,1
v000498,0.4658817389,0.1481007347,0.0010467204,0.091342526,0.086239044,-0.133463356,0.1116791787,1,fac1,1
v000499,-0.084390354,0.548820985,0.0241668614,-0.129148203,0.1553674543,-0.11315741,0.0749386764,1,fac2,1
v000500,0.1104517026,0.1688028471,0.0707320523,0.2026331209,0.1606796541,-0.353942604,-0.015417956,1,fac6,-1
v000501,0.036994795,0.1771001391,0.1306450709,-0.029862928,0.2411588137,0.2267748368,0.0353380562,0,,
v000502,0.1233097863,-0.046522913,0.0751893048,-0.144837283,0.265625417,0.0210140489,0.1120179813,0,,
v000503,0.2423811115,-0.132654415,0.3589157662,0.5214727364,0.0668546687,-0.074983866,-0.158204812,1,fac4,1
v000504,0.7382114695,0.017418213,-0.042023451,0.051216,-0.104180636,0.1449990626,0.0780156496,1,fac1,1
v000505,0.0560097787,0.0996768296,0.1032255362,0.2259660661,0.2212200865,0.2163223909,-0.00994967,0,,
v000506,0.6004965842,-0.229256342,0.1142367651,-0.063079751,0.1205048912,-0.025371074,0.1560671469,1,fac1,1
v000507,0.0318758736,0.0673737653,0.1646803733,0.2874027914,-0.086719422,0.1487394258,0.1426927933,0,,
v000508,0.3884862627,0.2592581097,-0.187937753,-0.159512266,-0.302416225,-0.156039104,-0.056019721,1,fac1,1
v000509,0.0994515213,0.1025675984,0.2669646081,-0.022225596,0.5062048348,0.1789056341,-0.014006671,1,fac5,1
v000510,0.1896108678,0.1866425044,0.124182686,0.086862096,-0.005234673,0.10877963,0.0048131303,0,,
v000511,0.0999600546,0.0759121322,0.442853069,0.1216094647,0.337556291,-0.248784002,-0.039657937,1,fac3,1
v000512,0.3054755971,0.3037577979,0.142843381,-0.048797861,0.1228424425,0.052273934,0.0889231674,1,fac1,1
v000513,0.3945710045,0.0560561909,0.3057555603,0.128314817,0.0715524888,0.1671423821,0.0084286219,1,fac1,1
v000514,0.1508780549,0.3684795205,0.3495236182,0.0293700305,0.0884697307,0.0717705011,0.1784913838,1,fac2,1
v000515,0.0153684559,0.1815568091,0.2592702406,-0.019948206,0.1168628275,0.2623194697,0.102197814,0,,
v000516,0.0512856681,0.0281234405,0.1539713381,-0.178588969,0.2622557759,0.2655395115,-0.171176369,0,,
v000517,-0.025567759,0.1402389603,0.1620043667,0.1822068632,0.0593728088,0.3513388936,-0.333792218,1,fac6,1
v000518,0.6715504078,-0.235814724,-0.077049657,-0.164266613,-0.063815633,-0.303686525,0.1702248175,1,fac1,1
v000519,0.585639105,0.041336064,-0.032004638,-0.088685537,0.0657283105,0.0499922296,-0.009214728,1,fac1,1
v000520,0.4659707108,0.0676771624,0.0533559986,0.1688993063,-0.118621772,0.1304851954,-0.054406561,1,fac1,1
v000521,0.5399690254,0.0606759431,-0.024295776,0.0450692661,-0.020369064,0.2401722352,-0.007234913,1,fac1,1
v000522,0.3757734403,0.1335629965,-0.125968028,0.1638044035,-0.044699946,-0.05585197,0.1708470074,1,fac1,1
v000523,0.2309814292,-0.153254323,0.2234898929,0.2189409705,0.1275475714,-0.212177847,0.0377418743,0,,
v000524,0.2412322965,0.2226971626,-0.061507882,0.0421508134,0.0458290773,0.0432440632,0.0804885298,0,,
v000525,0.0649822333,-0.119557033,0.2304680418,0.4115655695,0.1958095226,-0.119661312,0.0238313029,1,fac4,1
v000526,0.3280164426,-0.361534808,0.097328078,0.1313388903,-0.005729032,-0.291206949,0.3045378728,1,fac2,-1
v000527,0.0897782716,-0.077574629,0.0965506821,0.3568615897,0.1532439831,-0.052218602,-0.049097501,1,fac4,1
v000528,0.0200051808,-0.317817059,0.1019255688,0.3713272673,0.1584349709,-0.173471495,0.6865719651,1,fac7,1
v000530,0.3622148807,0.1606246537,0.0498979733,0.1119295861,-0.120226984,-0.08506543,0.2369176759,1,fac1,1
v000531,0.1889413921,-0.427957306,0.1227840126,0.6323623097,-0.1053991,0.1656332043,0.2748920758,1,fac4,1
v000532,0.1371471936,-0.116009159,0.2984924668,0.03673003,0.0366228934,0.0625089903,0.16977254,0,,
v000533,0.6181546349,0.1523909593,0.1852124216,0.1274817214,0.0300348407,-0.135276148,-0.0367436,1,fac1,1
v000534,0.2522147085,0.0626858951,0.1785245822,0.2206968492,-0.054387974,0.1529477702,0.1316401138,0,,
v000535,-0.028696158,0.0396111593,0.4367386564,0.3727161035,-0.002926673,-0.030449397,-0.242646511,1,fac3,1
v000536,-0.065343381,-0.024005179,0.1939693793,0.3512094174,-0.21469317,0.1604081051,-0.062798216,1,fac4,1
v000537,0.2394439048,-0.2015535,0.174219943,-0.296805636,-0.326590951,0.4589408123,0.1433623924,1,fac6,1
v000538,-0.550272205,-0.567950062,-0.074674985,-1.152152092,-0.034428563,-0.141087579,0.754059553,1,fac4,-1
v000539,0.3338337541,-0.072221131,-0.137762417,-0.168589402,0.471701698,-0.17787676,0.1888062623,1,fac5,1
v000540,0.436618508,0.0580460986,-0.233954992,0.3349255573,-0.133128135,-0.056898653,-0.02261822,1,fac1,1
v000541,-0.040014646,0.3231106787,0.3957359364,-0.09962012,0.2702672059,-0.050922517,-0.056303475,1,fac3,1
v000542,0.1871827499,0.3806505651,0.0552887292,0.1123518864,-0.003936789,-0.076782275,0.057558368,1,fac2,1
v000543,0.2958737044,0.2202564893,0.4427227882,-0.136296772,-0.000102348,0.0640139253,0.0644532158,1,fac3,1
v000544,-0.299649442,-0.300263397,0.1610403068,0.4721192356,0.0338389231,0.5258171163,0.2128979715,1,fac6,1
v000545,0.4386329279,-0.067268146,0.0702516435,0.1049646268,0.1214076731,0.202574631,0.2845572835,1,fac1,1
v000546,0.590775013,-0.187754483,0.1668642109,-0.020822422,0.0522186384,-0.140709798,0.2045668979,1,fac1,1
v000547,0.4528706,0.0848600802,0.0593406613,-0.038242314,-0.18963507,-0.062755213,0.286542567,1,fac1,1
v000548,0.23150054,0.0346750999,0.025402049,0.2501197209,0.2001929171,-0.142028669,0.0569063067,0,,
v000549,0.2586300721,0.2991003539,0.1311535382,0.0303648782,0.166366973,-0.012479142,0.0746540697,0,,
v000550,0.3857648655,0.3273323616,-0.105326415,-0.149819756,-0.02930287,0.0050231137,-0.052162738,1,fac1,1
v000551,0.5396695978,0.1677038713,-0.276745409,-0.049835696,-0.336383033,-0.331942974,-0.203194768,1,fac1,1
v000552,0.4875837614,0.1121067577,-0.008960314,0.1639780114,0.0199598671,0.0937565589,-0.013895746,1,fac1,1
v000553,0.1594741885,0.4318831506,0.0424871038,-0.082796299,-0.000645212,0.0484239149,-0.055619993,1,fac2,1
v000554,0.2046008451,0.1326910818,0.2349239774,0.1307077533,-0.099175222,0.1235366598,-0.037545675,0,,
v000555,0.2242147946,0.1392580232,0.2321344443,0.006229466,0.0460768444,0.2338191557,0.190676433,0,,
v000557,0.1147776668,0.2951330408,0.2977145886,0.0450169207,-0.142957049,0.0139065041,-0.075151279,0,,
v000558,-0.190793661,0.4353783163,0.3547146296,-0.096249636,-0.030817361,-0.039422887,0.0526807638,1,fac2,1
v000559,0.1578020325,0.2085096736,0.342075534,-0.018781849,0.1355509456,0.0577486879,0.0338277504,1,fac3,1
v000560,-0.256430067,0.3339237889,-0.044610117,0.1970871011,-0.171058707,0.250945548,-0.018207656,1,fac2,1
v000561,-0.125198223,0.0798889569,0.3264437371,0.4761329742,0.1328114702,-0.096143549,0.1111183991,1,fac4,1
v000563,0.2273344817,0.2180304962,0.1366646838,0.2470139304,0.0117798535,0.1774881704,-0.100871396,0,,
v000564,0.2852398498,0.1928693256,0.246295315,0.0543950242,0.0733709337,0.1135297751,0.041639365,0,,
v000565,0.4739365917,-0.053758599,0.1653857784,-0.022894559,0.2448362729,0.1483269427,0.0939377911,1,fac1,1
v000567,0.5497009915,-0.105567029,0.0321221412,0.1603968305,0.0162752294,-0.217059757,0.1620021271,1,fac1,1
v000568,0.104562964,0.1180708198,0.4948469195,0.0869044123,0.0742646511,-0.152848234,-0.09219826,1,fac3,1
v000570,0.2979637526,-0.230281751,0.2260371855,0.4000323541,-0.276474381,-0.01143568,0.3287395628,1,fac4,1
v000571,0.1983540137,-0.195057776,0.2034916916,0.215608586,-0.196354515,0.0858395186,0.4793976608,1,fac7,1
v000572,0.2122967443,-0.18224059,0.0892061847,0.0674918337,0.025303357,0.0410445235,-0.133887864,0,,
v000573,0.4181403629,0.1176322382,0.1256096583,0.1243738848,0.1692894418,-0.017917567,0.163990023,1,fac1,1
v000575,0.3343995773,0.0283751972,0.2767179179,0.0667610869,0.0943639117,0.2316881273,0.1120919838,1,fac1,1
v000576,0.0503135053,0.094823716,-0.034632976,0.6791934119,0.0669566452,-0.006999796,-0.069107113,1,fac4,1
v000578,0.5939808325,-0.116827131,0.0194595113,-0.076683198,0.0362366307,0.0957403231,0.1660098109,1,fac1,1
v000579,0.7422076867,-0.295997733,-0.183617507,0.0019850278,-0.423764242,0.1624730193,0.1423205691,1,fac1,1
v000580,0.2548618109,-0.012044078,0.0750894235,-0.031082967,0.0013872027,0.3112567563,0.1867306542,1,fac6,1
v000581,0.071637051,0.0493888769,0.1688921326,0.0936280877,-0.183238169,0.1003467278,0.2183890543,0,,
v000582,0.4086981221,0.2256028256,0.3210848951,0.0661718811,0.0405376013,0.0688182034,0.1825805022,1,fac1,1
v000583,-0.146560347,-0.0232554,0.1478133063,0.2840541464,0.0580778973,0.1428910032,0.0419042206,0,,
v000584,0.5361093964,0.128041323,0.0548128605,-0.116873708,-0.081771743,0.1816288454,-0.097880317,1,fac1,1
v000585,0.2319803837,0.3017783945,0.0671708373,0.087233904,0.1448667605,0.0858694411,-0.029658647,1,fac2,1
v000586,0.1768525526,0.0835440255,-0.123504843,0.1676851019,-0.48339367,0.1788988051,-0.122081094,1,fac5,-1
v000587,0.0137105362,0.1932246161,0.1750987745,-0.11517148,0.4513021624,-0.14190887,0.0284899255,1,fac5,1
v000588,0.3955853441,-0.006799455,0.176174693,-0.021498533,0.0579484324,0.3561326309,0.0631344313,1,fac1,1
v000589,0.510626926,0.0892431231,0.0470758485,-0.056995986,0.0709861281,0.2534546585,0.0306656023,1,fac1,1
v000590,0.3708463034,0.028672675,-0.107636024,-0.090298762,-0.288339691,0.2701826236,-0.159438817,1,fac1,1
v000591,0.4275482703,0.130431745,0.3080491177,0.0783869244,0.0788581249,0.0896805007,0.1667210889,1,fac1,1
v000592,-0.002295993,0.3982807321,0.1950089127,-0.035293891,-0.102765871,0.2736986615,-0.28157369,1,fac2,1
v000593,0.0601618567,-0.131989713,0.1513281005,0.2512751336,0.1789345649,0.4139735961,-0.144478403,1,fac6,1
v000595,-0.043445303,-0.044636661,-0.094207639,-0.144852105,0.9781480807,-0.432675697,-0.130446513,1,fac5,1
v000596,-0.176988094,-0.010104844,-0.124348703,-0.009246098,0.1411093448,0.4911579399,0.058257328,1,fac6,1
v000597,0.071652566,0.2762619732,0.110680683,-0.13149989,0.056713309,0.1124393423,0.1247440057,0,,
v000598,0.0772479174,0.1606352773,0.2379099722,-0.160752015,0.0013710885,-0.092008206,-0.054921121,0,,
v000599,0.1890234537,0.0385581711,0.246161829,0.1862160884,0.1379280928,0.2317397046,-0.178081005,0,,
v000600,0.4801178456,0.1489696314,-0.140958631,-0.119553246,0.1501364069,0.0989884016,0.0133243108,1,fac1,1
v000602,0.2911564542,-0.02447534,0.1385772348,0.0605298072,0.0588300265,-0.094687441,0.1898859777,0,,
v000603,0.0415414635,0.4170167288,-0.011886214,-0.240720461,-0.020784934,0.2126313086,0.1320880251,1,fac2,1
v000604,0.2700521658,0.1663159885,0.19528108,0.0507611371,0.0720287665,0.0556380988,0.1628674973,0,,
v000605,0.0476334364,0.327915509,-0.036696448,-0.119110524,-0.131679211,0.5388530092,-0.19582699,1,fac6,1
v000606,0.2383172489,0.0590403152,0.1420862499,-0.010099297,0.0075158064,0.067011042,-0.001687903,0,,
v000607,0.325087137,0.0153205166,0.0093502702,0.1054388493,0.0856692118,0.0372833782,-0.281027409,1,fac1,1
v000608,0.4468259105,0.1049615015,-0.165433801,-0.31939572,-0.136518809,-0.020716733,0.1620766236,1,fac1,1
v000609,0.2673003161,0.0736192,0.1382219631,0.030497315,0.0694960616,0.1375972422,0.1029629515,0,,
v000610,0.0075066198,0.4538533445,0.1477475692,0.0839089315,0.0160469195,-0.058036596,0.104386678,1,fac2,1
v000611,-0.229531833,0.4494957699,0.4605892689,-0.005487465,0.0632912356,-0.054233774,-0.10173057,1,fac3,1
v000612,-0.013240893,0.4358094565,0.2214827223,0.1751087302,-0.074727713,0.060934045,0.0696366524,1,fac2,1
v000614,0.5648046896,0.1396408423,0.0578648683,-0.087631912,-0.228022245,-0.181112547,-0.190895128,1,fac1,1
v000615,-0.112015454,-0.028257625,-0.093694313,0.6733802804,-0.20001906,-0.170998273,-0.183957437,1,fac4,1
v000616,0.3708595376,0.3961647438,0.0595618898,-0.062596355,0.0967272565,0.1860900197,0.2626358958,1,fac2,1
v000618,0.1182670671,-0.00835586,0.3003068373,0.0482812421,0.0601905242,0.1572779253,0.2292447654,1,fac3,1
v000619,-0.105481581,0.6356270508,-0.447198131,0.0078159484,-0.154539184,-0.138304556,0.0801837656,1,fac2,1
v000620,0.4965752764,0.19521211,0.0663392095,0.0160572265,0.0955436565,0.0659993469,0.0724734261,1,fac1,1
v000621,0.1584078744,0.3265405155,0.2352887987,0.013072191,-0.027817366,-0.078210506,0.027804068,1,fac2,1
v000622,0.0931748602,-0.040954816,0.3036456607,-0.017786472,0.1411825975,0.0191872685,-0.244631867,1,fac3,1
v000624,0.5724791211,-0.174684342,0.0166462262,0.0821156417,0.2213068867,-0.100662146,-0.023229647,1,fac1,1
v000625,0.3171618168,-0.027080359,-0.324115309,-0.013278483,0.051400732,-0.09138813,0.3088186358,1,fac3,-1
v000626,0.3930140808,0.018624303,-0.378278499,0.2398648101,-0.36611705,-0.336557633,0.3945171653,1,fac7,1
v000627,0.2711340224,0.1224317514,0.2018907601,0.2413432756,-0.011689785,-0.252123034,-0.007233369,0,,
v000628,0.3516366105,0.0438220032,-0.018225669,0.1606657174,0.2862175229,-0.13290171,0.073940166,1,fac1,1
v000629,-0.082684625,0.1052111923,0.2217146457,0.0517698159,-0.207878936,-0.119448817,0.0931810261,0,,
v000630,0.2166131441,0.2617245798,0.1357154849,0.2012210389,0.0054170326,-0.009190619,0.1426588525,0,,
v000631,0.2378639796,-0.004882064,0.2076486537,-0.048025681,-0.002249471,0.0373127353,0.0079380353,0,,
v000632,0.177688536,0.3616784134,0.1266852416,-0.020489912,0.0690242568,0.0303337338,0.08299744,1,fac2,1
v000633,0.1885554575,-0.017101651,0.3965791799,0.0215686687,-0.018782669,0.0166422467,0.2385878464,1,fac3,1
v000634,-0.14818963,0.0916325176,0.0275057325,0.0015284185,-0.036882929,0.5793210681,0.2623373156,1,fac6,1
v000635,0.0746500826,0.0249328428,-0.076680303,0.0820559257,0.5164876071,-0.163639544,-0.040257679,1,fac5,1
v000636,-0.314457029,0.2428729792,-0.008866491,0.0906407457,0.8144809094,-0.045900167,-0.155826111,1,fac5,1
v000637,0.4001720243,0.191619421,-0.164548404,-0.110032047,0.0348655259,0.0528859575,0.0922631581,1,fac1,1
v000638,0.1677923863,0.2698032106,0.2366753037,0.0524649218,-0.014097471,0.0883959215,-0.02026422,0,,
v000639,-0.083892334,-0.223096024,-0.164716859,0.4493795233,0.1034915521,-0.130714784,0.2135857567,1,fac4,1
v000640,0.4177754306,0.0138905274,-0.328231193,-0.099331816,-0.22717409,0.1767521941,0.1157604711,1,fac1,1
v000641,0.0706833173,0.3337159513,0.1957340006,-0.175569191,0.1158561847,0.2743737587,0.09469685,1,fac2,1
v000642,0.36918244,0.0585740647,0.2228841809,-0.02238762,0.0149134998,0.166556556,0.063848876,1,fac1,1
v000643,0.3649788426,0.4716867633,0.1996559511,-0.18780115,-0.224137541,-0.047722111,-0.239189726,1,fac2,1
v000644,0.0598654871,0.2606976051,0.0656869147,-0.353703018,0.1554151073,-0.055649744,0.1487773181,1,fac4,-1
v000645,0.0492241512,0.1155301792,0.097440148,0.0136255903,0.3330344891,-0.092316023,0.1947214234,1,fac5,1
v000646,0.1243258406,0.1227323913,0.2921082174,0.3283565354,-0.100638944,0.1661350459,-0.046966806,1,fac4,1
v000647,0.4396762087,-0.055678038,-0.217642205,0.3864130263,0.0656333095,0.0385554876,0.0885373774,1,fac1,1
v000648,0.3912710049,0.1694420038,0.1176129315,-0.075333487,0.0761551802,0.0407963965,-0.193196603,1,fac1,1
v000649,-0.020234582,0.5085478841,0.0863350272,0.0895409917,-0.191379711,-0.084901162,-0.012745861,1,fac2,1
v000650,0.3259083306,0.0033771445,-0.00483531,0.0066507035,0.0368573949,0.0057424071,0.0656763147,1,fac1,1
v000651,0.0528890054,0.0417809201,0.2608007942,0.1635946284,0.1090111027,0.1287155745,0.0045966252,0,,
v000652,0.0472496302,0.4376769675,0.1525153057,-0.286213515,-0.078551193,0.0919050218,0.1836162957,1,fac2,1
v000653,0.2429775873,0.3266306105,0.264163566,-0.179456472,-0.025700394,0.0024757233,0.1462252241,1,fac2,1
v000654,0.0230940208,0.2174957368,0.0112703548,0.1180380382,0.2099345205,0.2368641259,-0.11179537,0,,
v000655,0.0901254318,0.2460336357,-0.148194741,0.2320228786,-0.057973818,-0.053680614,0.0259708068,0,,
v000656,0.5800320894,-0.144632169,0.3132261675,-0.077314803,-0.347458106,0.3823231662,0.0684391973,1,fac1,1
v000657,0.2752870191,-0.02964323,-0.077444782,-0.129368462,-0.036247223,0.1539131309,0.0803661738,0,,
v000658,-0.040557033,0.1467499722,0.1281171068,0.1887736504,0.1632527258,0.1186402728,-0.002491743,0,,
v000659,0.0193417247,0.1667243223,0.3240754483,-0.095084495,0.1960605707,0.027762636,0.2082797021,1,fac3,1
v000660,0.1633826802,0.292060398,0.0728036323,-0.128652007,0.0423748513,0.089091106,-0.241607603,0,,
v000661,-0.019401918,0.4377550363,0.1623748513,-0.084446567,0.1098877881,0.0232152884,-0.06290365,1,fac2,1
v000662,0.216961433,0.1207460999,0.3871759381,-0.093293715,0.3236007041,0.0129779661,0.1210174156,1,fac3,1
v000663,0.262134435,0.1201597562,0.2230825832,0.1327877097,0.0260747001,0.1502313931,-0.077118902,0,,
v000664,0.1478141311,0.1021997109,0.1118893934,0.0744209181,0.2638856485,0.0978249619,-0.014402146,0,,
v000665,0.0693346705,-0.1153116,0.2754172968,0.0458393973,0.5495018543,0.0750387603,-0.078016285,1,fac5,1
v000666,-0.043211534,0.0032216644,0.3180153759,-0.154561136,0.4525742185,-0.017591629,0.0161866747,1,fac5,1
v000667,-0.026252139,0.3935957545,0.2865062914,-0.047542691,0.0718411077,0.0826002782,0.112318795,1,fac2,1
v000668,0.1366860359,-0.097688103,0.3488666502,-0.070119315,0.1797078776,-0.144270755,-0.022223557,1,fac3,1
v000669,0.2135262034,0.0103264772,0.243196299,0.0037237162,0.0879179594,0.1464089182,0.0971018777,0,,
v000670,0.0201271872,0.1877187362,0.1756823269,-0.03166351,0.190265966,0.0984169616,-0.118709618,0,,
v000671,0.1547645835,0.1354300671,0.2454426865,-0.103509141,-0.100101889,0.0699013069,0.1295104079,0,,
v000672,0.0968897622,0.0843446864,0.2386074348,0.0132613919,0.1279186768,0.1651226966,0.1064809149,0,,
v000673,0.0608857847,0.0408890815,0.2781243799,-0.158194657,0.0347073268,0.1245109711,0.0722491804,0,,
v000674,-0.053846444,0.213236595,-0.095910149,0.3087768835,-0.22536133,0.376336589,-0.008813082,1,fac6,1
v000675,0.2807078246,-0.003802093,-0.050394666,-0.114399592,-0.156306218,0.4569034951,0.464734437,1,fac7,1
v000676,0.2220984889,0.1810575053,0.3045689142,-0.16161995,0.1139385415,0.0692563066,0.0464809033,1,fac3,1
v000677,0.2654168813,0.222943373,0.106035359,0.1308794803,-0.041252763,0.0493044977,-0.071211317,0,,
v000678,-0.150530421,0.4542607001,0.0228505877,0.0607264043,0.1432499098,0.0263677177,0.0998749576,1,fac2,1
v000679,0.1889013599,-0.039998686,0.3438149309,-0.217319539,0.2420882501,0.0323482833,0.1972332164,1,fac3,1
v000680,0.3234385025,0.2898907974,0.1843474909,0.0333892907,0.0812520261,0.0843582395,-0.036212967,1,fac1,1
v000681,0.4551175806,0.2192720684,0.0493380202,-0.096594192,0.0472949336,-0.056499228,-0.010911901,1,fac1,1
v000682,0.2168568899,-0.230325698,0.192005479,-0.089595626,-0.302503376,-0.197759462,0.397161331,1,fac7,1
v000683,0.0905778829,0.1084345178,-0.001297756,0.0393193973,-0.111744247,0.1149846433,0.7881575683,1,fac7,1
v000684,0.425924847,-0.070196356,-0.852613911,-0.263371577,-0.285171503,-0.537863638,-0.219936663,1,fac3,-1
v000685,0.0401924472,-0.08904025,0.0901271002,0.072850647,-0.114040464,0.5266229015,0.0513036852,1,fac6,1
v000686,0.2423632594,0.04857923,0.1716316549,0.2026725645,0.1170388099,0.0918636355,-0.044736271,0,,
v000687,0.0714229194,0.0036133778,0.4417358021,0.1082536623,-0.00841434,0.1081432229,0.0417674376,1,fac3,1
v000688,0.2515437985,0.0216873113,0.3141320727,0.1357064318,0.0151850183,0.0022403239,0.213282705,1,fac3,1
v000689,0.1022145261,0.4602479276,0.0608533856,0.1054131657,0.073206635,0.046131601,0.1326341781,1,fac2,1
v000690,0.3676456784,0.041248799,0.2371152374,0.0966013553,0.1056022892,0.0850165775,0.2013893656,1,fac1,1
v000691,-0.067256895,0.3636129704,0.0143116106,0.0427860288,-0.22957079,0.220851981,-0.036729477,1,fac2,1
v000692,0.2486401089,0.0051577915,0.1868114473,0.0338340761,-0.094070828,0.1082893698,0.313457658,1,fac7,1
v000693,-0.141421196,0.1911307408,0.3163224562,0.1027249344,-0.087283224,-0.052431821,0.1281248874,1,fac3,1
v000694,0.0342233255,0.0419839821,0.1682185554,-0.033645214,0.6194739685,-0.401636327,-0.108240212,1,fac5,1
v000695,-0.221713817,0.095070729,0.4808300061,-0.317964397,0.2863354418,0.0371969818,-0.052248323,1,fac3,1
v000696,-0.209982801,0.0258560118,0.0598317662,0.6809749485,-0.085878005,-0.082163143,0.0543386009,1,fac4,1
v000697,0.0699668475,0.0529873237,0.1159741903,0.1831454762,-0.201561669,0.2186408778,0.3325636162,1,fac7,1
v000698,0.0087319962,0.0077811812,0.2966765946,0.1097817505,0.2482872857,0.0962102995,-0.058015988,0,,
v000699,0.3633566437,0.4004176174,0.1674348179,0.1452555029,0.0176952034,0.0014184297,-0.086578942,1,fac2,1
v000700,0.1248769867,-0.09877304,0.2681732148,0.019047733,0.1180207075,0.1179418267,0.2284651499,0,,
v000701,0.0328218255,0.4365002663,-0.111772756,0.2170102769,-0.011170939,-0.194463981,0.2892984502,1,fac2,1
v000702,0.1948013367,-0.05892778,0.3487796987,-0.014447722,0.0879855986,0.2170057982,0.1041143544,1,fac3,1
v000703,0.4546016377,0.0686405484,-0.224360519,-0.148940924,0.0927495948,0.3772014462,0.0316077821,1,fac1,1
v000704,-0.768932274,-0.826673751,-0.723469213,-0.176737202,-0.276168727,-0.168893433,-0.466699133,1,fac2,-1
v000705,0.3496529387,0.0055197948,0.246759385,0.1055122565,0.0513479651,0.074329995,0.0154267114,1,fac1,1
v000706,0.2654064686,-0.049441842,0.4589624713,0.2809233171,0.0318540948,0.0662774165,-0.055106514,1,fac3,1
v000707,-0.062984348,-0.10792368,0.3421742658,0.3514966017,-0.120626388,0.1115433296,-0.013570679,1,fac4,1
v000708,0.1149010288,0.0562200566,-0.069608119,-0.060275654,0.0494664315,0.0628326077,0.4827097828,1,fac7,1
v000709,-0.054750778,0.5712732148,0.0635499441,0.0711077688,-0.070914328,-0.05248275,0.0448176321,1,fac2,1
v000710,0.0923671165,0.4792245103,-0.10861065,0.0686045313,-0.195210268,0.0782713594,0.0621832824,1,fac2,1
v000711,0.0935683442,0.3444347936,0.2628374655,0.0263708634,0.0861117026,0.1335179239,-0.004161539,1,fac2,1
v000713,0.1501835671,0.3682830434,0.0101519764,0.0661215352,-0.029988845,0.2136369113,-0.017032668,1,fac2,1
v000714,0.1129482963,0.1529858626,0.0632048739,-0.064325276,-0.018536962,0.1464037289,0.0182256542,0,,
v000715,0.1296356599,0.3045455,0.011269753,-0.039988535,0.1705940646,0.1181499697,0.0911180808,1,fac2,1
v000716,0.4007506771,0.0399869179,0.0863660898,0.1225071099,0.1490524227,0.1236321299,0.0696776929,1,fac1,1
v000717,0.043454467,0.0878109638,-0.039601711,-0.228532636,0.5008507315,0.0051659186,0.1350562553,1,fac5,1
v000718,0.1527750678,0.0200124128,0.2006678831,0.1542363336,0.1115496443,0.1958293838,0.1019077452,0,,
v000719,-0.071253793,-0.207562235,-0.090021535,0.1665283142,1.0671018646,-0.065662451,-0.357801546,1,fac5,1
v000720,0.3880798622,0.0907606738,0.0852636584,0.1866032269,0.1340479765,-0.022481914,0.1093253847,1,fac1,1
v000721,-0.070799649,0.1091294504,-0.063639449,-0.090029426,0.8872936245,-0.377347082,-0.188339809,1,fac5,1
v000722,0.3049389051,-0.216637023,0.4842239239,0.0730214169,-0.020899568,0.2536887504,-0.484287153,1,fac7,-1
v000723,0.3670277623,-0.016804478,0.3936907498,-0.151781864,0.1669488917,-0.135749735,-0.372614269,1,fac3,1
v000724,0.3027881173,0.26945684,0.0060053522,-0.051188927,-0.074777971,0.470216242,0.0469239988,1,fac6,1
v000726,0.095558194,0.258964521,0.3104303142,-0.057346853,-0.124256868,-0.093319712,0.2356088326,1,fac3,1
v000727,-0.073183037,0.1872569209,0.2390827525,0.1134514847,-0.151308735,0.1625992677,0.1929168582,0,,
v000728,0.1954687036,0.1450769899,0.1869110852,0.1498054571,0.1565363151,0.131038556,0.1854117284,0,,
v000729,0.2244461881,-0.062010059,0.2881129698,-0.058899356,0.0655448055,0.0406292601,0.3696978548,1,fac7,1
v000730,0.3865705406,-0.149396132,0.425801125,0.3613803678,-0.155114515,-0.54465118,0.0175690257,1,fac6,-1
v000731,0.0368128071,0.2054197236,0.130950162,0.0612835054,-0.003854921,0.0514879675,-0.010555861,0,,
v000732,0.3369358467,0.3174874254,0.0623841113,0.1342120365,0.0873237453,-0.153596371,-0.060436178,1,fac1,1
v000733,0.0516144811,0.5201901167,0.0844483242,-0.042789596,-0.011609868,-0.054640234,0.0067202263,1,fac2,1
v000734,-0.034624145,0.1119978079,-0.0099006,0.1461070508,-0.164757286,-0.091033871,0.3320397852,1,fac7,1
v000735,0.1130681319,0.2054815969,0.2091310712,-0.016202515,0.0560096267,0.2900239955,-0.105104053,0,,
v000737,-0.384885335,0.326535321,-0.059644308,0.4079115153,-0.144682132,0.2220697557,0.0033019825,1,fac4,1
v000738,0.0917175114,0.2606875563,0.0160625411,-0.146627089,0.1258060902,0.1132747048,0.298476467,0,,
v000739,0.1471796042,-0.238700196,0.1709849211,-0.175302657,0.5624912954,-0.037203898,-0.186914527,1,fac5,1
v000740,-0.118810216,-0.05948592,-0.011850927,0.6737844786,-0.255457169,0.1083943666,-0.313405863,1,fac4,1
v000741,0.0503281107,-0.10366147,0.2825592952,0.229030886,-0.008511525,-0.290425446,0.0535366633,0,,
v000742,0.0104872571,0.2295855705,0.4099764825,0.0847698072,0.1129947694,-0.049290027,0.1334421156,1,fac3,1
v000743,0.0634131745,0.0602558226,0.5322945897,0.0495546719,-0.096484947,0.2248903959,-0.003207059,1,fac3,1
v000744,0.2775597251,0.0430835959,-0.154978524,0.2258196504,0.0771291212,-0.230368377,0.0489047524,0,,
v000745,-0.202368078,0.0293245623,0.6042122071,-0.199428958,0.2151117983,0.0364404995,-0.189654516,1,fac3,1
v000746,0.4221908243,0.2149447923,0.0258498822,-0.174381832,0.0318597276,0.0007058091,0.2733925121,1,fac1,1
v000747,0.1944575114,0.2508821294,0.4638095795,0.1170489412,-0.144887154,0.0514958495,0.0677793456,1,fac3,1
v000748,0.1381357539,-0.001927426,0.4284306551,0.292221373,-0.185778355,0.076764876,0.0350762436,1,fac3,1
v000749,-0.26506058,0.1664492543,-0.140719198,0.0291335691,0.0427220141,0.3891074914,-0.199020065,1,fac6,1
v000750,0.1844803886,0.0627584252,-0.117574139,0.6149042387,-0.023019254,-0.045564027,0.0438347363,1,fac4,1
v000751,-0.32121927,-0.056208255,-0.01344052,0.7929270646,0.0326229087,0.1207739829,-0.088641198,1,fac4,1
v000752,-0.013802626,-0.195553737,-0.374361184,0.612629129,0.6610542333,0.2661811673,-0.244875099,1,fac5,1
v000753,0.204254696,-0.269152195,-0.217127534,0.6212786372,-0.321607039,-0.312424047,-0.168797697,1,fac4,1
v000754,0.3288512157,0.1191132244,0.0069954047,0.236272478,-0.030490847,-0.077069949,0.1396674965,1,fac1,1
v000755,0.153884799,-0.052128024,0.1224229918,0.0746785805,0.0242958589,0.1057586281,0.4430674072,1,fac7,1
v000756,-0.006629152,0.1546370493,0.2981702115,-0.272393179,0.3426520251,0.194656793,0.054550938,1,fac5,1
v000757,0.0481981021,0.2874364474,0.0809111773,0.1656944178,0.0267711605,0.147859182,0.0353449453,0,,
v000758,0.1473630917,0.4224630858,0.1254471896,-0.198135616,0.20095044,-0.099446379,-0.380441912,1,fac2,1
v000759,0.265531072,0.0405035737,0.0425133861,-0.211101743,-0.002992817,0.1131080075,0.0180703104,0,,
v000760,0.4208878159,0.3041975644,0.1231795112,0.0489935129,-0.064636109,-0.059429015,0.1105291051,1,fac1,1
v000762,0.2667196074,0.0514146277,-0.062024854,0.0191186928,0.0428207857,0.1597622016,0.1854004118,0,,
v000763,0.3659492535,0.1748135641,0.2302278365,0.0209122851,0.1135568754,0.0059208233,0.0397986236,1,fac1,1
v000764,0.3349989753,0.2753842106,-0.092020025,-0.09336542,0.1557525683,-0.090233469,0.0190610415,1,fac1,1
v000765,-0.168849755,-0.139804437,-0.297294074,0.8657149582,0.1318346735,0.2623832836,-0.191721772,1,fac4,1
v000766,-0.337786745,-0.378451132,0.1461564228,0.3605611598,-0.327280266,-0.379993022,0.1409247234,1,fac6,-1
v000767,-0.072176733,0.3757728249,0.1748403395,-0.063884913,0.2732637751,-0.09450544,-0.008414011,1,fac2,1
v000768,0.2311450353,-0.087854284,-0.078190854,0.4773173155,-0.084587386,-0.164652616,0.0012343833,1,fac4,1
v000769,0.0455368269,0.4132463971,0.0931172107,-0.098291977,0.0879553354,-0.010642091,0.2086420312,1,fac2,1
v000770,-0.114920325,0.2928579666,-0.317976414,0.4762906022,0.1555104242,-0.392246429,0.2549281507,1,fac4,1
v000771,0.2453114425,0.2483195926,0.2646507709,0.0199595852,0.0801858294,0.0499678416,0.1333158244,0,,
v000772,0.2864595661,0.1926594659,0.0460942833,0.1819358671,-0.021426505,0.0298240252,0.0782224463,0,,
v000773,0.1940181525,0.1113434265,0.0431075098,0.3743756554,0.2257053388,-0.286993446,0.1052569093,1,fac4,1
v000774,0.2124524062,-0.043975281,0.1898533004,0.1208995467,0.0127810609,0.0198396053,0.0271896268,0,,
v000775,0.0073332572,0.2444579466,0.0961742978,0.0794454255,0.0971625226,0.107830956,0.0055827759,0,,
v000776,0.4043530418,-0.115608069,0.0419065268,0.1585111695,-0.03870628,0.0624739742,0.1966620806,1,fac1,1
v000777,0.1377998471,0.0518841863,0.0762579677,-0.098630876,0.0588723511,0.1858729296,0.2648875115,0,,
v000778,0.196890066,-0.141027186,0.183142216,0.3953458956,0.0824233345,0.1621775754,-0.044329273,1,fac4,1
v000779,0.4572686469,0.3155633247,-0.155685565,-0.146054482,-0.002705442,-0.114451915,0.0249860078,1,fac1,1
v000780,-0.031009432,0.1667203932,-0.003072479,-0.099155686,0.0344844673,-0.101575806,0.7789742143,1,fac7,1
v000781,-0.136570289,-0.173638244,0.0863645754,-0.116506829,0.0258580944,0.2448232177,0.9136693119,1,fac7,1
v000782,0.3336535716,0.4034903219,0.3059905056,-0.150023326,-0.025876071,0.1480311624,-0.045609896,1,fac2,1
v000783,0.0332882853,0.2649246053,0.409551162,0.110553247,0.0492731332,0.052291638,0.1455301326,1,fac3,1
v000784,0.1646175591,0.4813800169,-0.234162812,-0.118269433,-0.188977395,0.0991899985,0.0208276035,1,fac2,1
v000785,0.0505150569,0.298474797,0.3806322069,-0.171871528,0.1599094142,-0.050427156,-0.006760671,1,fac3,1
v000786,0.542716461,0.1390828284,0.0247523754,-0.013617176,0.1687234344,-0.05314151,0.0481936644,1,fac1,1
v000787,0.4604689681,0.2068837573,0.0657182897,0.0684776101,0.2063443385,-0.040803678,0.1178369444,1,fac1,1
v000788,0.8371412809,-0.173518547,-0.137223071,-0.064745621,-0.271626368,-0.286428776,-0.266480413,1,fac1,1
v000789,0.2691121549,0.0615967299,0.1593092289,0.226851805,0.021891258,-0.109615577,0.1455526662,0,,
v000790,0.0497522039,0.030766182,0.1740661755,0.1364348957,0.170992767,0.0881948711,0.1261855845,0,,
v000791,0.4100575858,0.086887402,0.0502932682,0.1208614829,0.0641072877,-0.01396639,0.3203047152,1,fac1,1
v000792,-0.009924773,-0.281291563,-0.060631835,0.0829296537,0.1896130203,0.3075824985,0.5240774388,1,fac7,1
v000793,0.1594026597,0.4033943138,0.066354137,-0.002344966,0.0324337269,-0.036134211,0.1026668858,1,fac2,1
v000795,0.0534917371,0.0584204019,0.1860872934,0.6102520668,-0.148159029,0.1418957578,-0.083009555,1,fac4,1
v000796,0.0979612983,0.1046653268,0.3311191529,0.5681852465,-0.138521061,0.038153319,-0.093805043,1,fac4,1
v000797,0.1086842607,0.1268884719,-0.032183534,-0.166859632,-0.425045237,0.4357693613,-0.019034671,1,fac6,1
v000798,-0.031991931,0.1809784059,0.3601736633,0.1195184281,0.0658407941,-0.069639949,0.2239456316,1,fac3,1
v000799,-0.015798008,-0.06335783,0.0563881296,0.2725996741,-0.18880127,0.0531304318,0.2412135878,0,,
v000800,0.322082152,0.3948479679,-0.204900834,0.0069267953,-0.155705031,-0.33087682,-0.065879449,1,fac2,1
v000801,0.2016928722,0.0781091788,0.0569699197,0.1131531023,0.1779454365,0.0617939019,0.1945961208,0,,
v000802,0.6639198343,-0.221887356,0.3571291214,0.1815432942,-0.086924222,-0.025666549,-0.003459413,1,fac1,1
v000803,-0.316280387,0.3810978331,0.2656775276,0.2847042542,-0.244179414,0.1102727784,0.0672982607,1,fac2,1
v000804,0.3355271739,0.0119345012,-0.180058691,-0.008838355,0.1157350029,0.1659216795,0.0191077442,1,fac1,1
v000805,0.4021780389,0.1522538781,0.1548511528,0.0892119523,0.0403720635,-0.057829656,0.0633559916,1,fac1,1
v000806,-0.095729171,0.471836785,-0.123775219,0.3688746199,-0.061362711,0.0211229398,0.1132344593,1,fac2,1
v000807,0.2181454915,0.3039642894,-0.12304485,0.0300542831,-0.151272606,0.1257877281,0.1269140473,1,fac2,1
v000808,0.1363776737,-0.019193584,0.0847060983,-0.034171099,0.2976949765,0.2971882594,0.039951813,0,,
v000809,-0.095937821,0.2578584182,-0.056673761,0.2325104045,-0.151550407,0.3947329225,0.448126008,1,fac7,1
v000810,0.4600854701,0.0221179099,0.1860994569,-0.045765856,0.2458802683,0.0365364017,0.1771793242,1,fac1,1
v000811,0.3581852643,0.0283951851,0.2103230098,-0.052324977,-0.041485734,0.3580003026,0.0540745665,1,fac1,1
v000812,0.3497511688,0.0488612676,0.0862431627,0.0379475032,0.0952130004,0.2453108462,-0.208385415,1,fac1,1
v000814,0.4671531315,-0.259535558,0.2310205736,-0.139631201,0.1602995494,-0.318291805,0.1618551281,1,fac1,1
v000815,0.2684016089,0.30951408,0.1687312638,0.019043887,0.1124268904,-0.022617331,-0.040398063,1,fac2,1
v000816,0.1627585541,0.1325866164,0.0732761355,-0.025153444,0.2573517226,0.135268111,-0.001098047,0,,
v000817,-0.483031685,0.2093290062,0.1427809214,0.0776583376,-0.107823764,0.526338251,-0.248757165,1,fac6,1
v000818,0.0442506676,0.0153891423,0.1384318796,0.4543126234,0.1107568241,0.2579280528,-0.072454945,1,fac4,1
v000819,0.3353019408,0.0377694755,0.1281052153,0.0693978406,0.0650965115,0.2065967395,0.174785432,1,fac1,1
v000820,-0.119520795,-0.063622221,0.3830375141,0.2582365963,0.1580005248,0.1087244936,0.0893137026,1,fac3,1
v000821,0.1722819016,0.3080481426,0.0629492279,-0.052805606,-0.20570428,-0.135743025,0.4200252078,1,fac7,1
v000822,0.439674095,0.2833165045,-0.099605114,0.1329947123,-0.011965899,0.0003772639,0.0734090169,1,fac1,1
v000823,-0.313394858,0.4453390824,0.0843403325,0.0944368219,0.0988928631,-0.262416888,0.3030301471,1,fac2,1
v000824,0.1997587334,0.2496043416,0.1940470488,-0.178142642,0.3542409753,-0.113711591,-0.214586207,1,fac5,1
v000825,0.2708867714,0.1571777728,0.2770322074,-0.103773372,0.0143647442,0.0128433782,-0.228009128,0,,
v000826,0.2736198708,0.2661346128,-0.088933144,-0.257884284,0.0836585154,-0.142590864,0.3179144843,1,fac7,1
v000827,0.2947387169,0.3425974417,-0.039047945,-0.033631776,-0.178110137,-0.045510503,-0.027458926,1,fac2,1
v000828,-0.093163539,0.420934685,0.0469042157,0.1667137672,-0.009785052,-0.226071763,0.0508417491,1,fac2,1
v000829,0.2687295559,0.2190341129,-0.158505377,-0.128296535,-0.232429682,0.0968595716,0.1176516402,0,,
v000830,0.16282867,0.3757289497,0.1252441387,0.1819832311,-0.118930776,-0.070033298,-0.145794916,1,fac2,1
v000831,0.2161465114,0.5179872349,-0.112449951,0.03247868,-0.133882063,0.1178474883,0.1485884284,1,fac2,1
v000832,0.5444730958,0.1565575334,0.0277519707,-0.143685412,-0.137401847,0.0934896287,0.0150022203,1,fac1,1
v000833,0.2715078794,-0.082503845,0.4621584876,0.1646611496,-0.046273167,0.0809200658,0.0178112369,1,fac3,1
v000834,0.4810686462,0.0808119312,0.2063034502,0.00769654,0.3938278691,-0.224700559,-0.25142509,1,fac1,1
v000835,-0.101118121,-0.055880318,0.1388436341,0.0528758779,0.5710487342,-0.322952466,0.1502560778,1,fac5,1
v000836,0.3051052198,0.0955243019,0.1590090812,-0.013835197,0.0098695744,0.0549124062,-0.277186395,1,fac1,1
v000837,0.0057705952,0.3634297042,-0.025919801,-0.017724325,0.0204643754,0.0136492333,0.3597283864,1,fac2,1
v000838,0.3238029918,-0.179716373,0.2834728463,0.1052637578,-0.09884776,-0.000484099,0.3549651891,1,fac7,1
v000839,-0.28040621,0.1620973282,-0.009826013,-0.134036064,-0.134424692,0.3972317646,-0.175934712,1,fac6,1
v000840,0.2164174175,-0.093412929,0.1193282374,0.3307562944,-0.167530888,-0.017573927,0.3211589059,1,fac4,1
v000841,0.0278493575,-0.088246182,-0.387015243,0.5916513456,-0.225107385,-0.315439572,0.0454110295,1,fac4,1
v000842,-0.058799719,-0.095664995,-0.190679301,0.3067883869,0.8677119261,0.0571270348,-0.140321861,1,fac5,1
v000843,-0.224059819,-0.164055309,-0.160308127,0.0286353813,0.6820960231,0.2956953123,-0.156278365,1,fac5,1
v000844,0.0637440157,-0.073741401,0.2439215506,0.0944427403,0.365962377,0.0763812046,0.0763858172,1,fac5,1
v000845,0.1350148156,0.2720234757,0.0303255625,-0.069568982,-0.056277809,0.2022464786,0.0409959375,0,,
v000846,-0.04732976,-0.049727882,0.2498959836,0.6684984836,-0.066744709,-0.230831189,0.1322717169,1,fac4,1
v000847,0.2061977633,-0.251233226,0.2702419339,0.2350568887,0.0781653316,0.0251998609,0.2124163749,0,,
v000848,0.0172158595,0.3756913477,0.1684301573,0.2595746505,-0.147684626,0.102284944,0.1101950272,1,fac2,1
v000851,0.1924571849,0.3058953664,-0.150364042,0.0364221335,-0.019763808,-0.077265256,0.089992305,1,fac2,1
v000852,0.0915067848,0.3842024344,0.3332980947,0.0611163528,0.0661695848,-0.005606285,0.0395399802,1,fac2,1
v000853,0.019147148,0.4100947206,0.4071656715,-0.106466318,0.2204303021,-0.01376693,0.0104446563,1,fac2,1
v000854,0.3886260885,0.159326853,0.1010267243,0.0530211588,0.0218943905,0.0915195444,-0.049037011,1,fac1,1
v000855,0.3970188438,0.2342660783,0.1103737059,-0.014898607,0.0846701091,0.1292634916,0.0310188535,1,fac1,1
v000856,-0.07399896,0.1552611635,0.3123039969,0.0206927618,-0.022361331,0.1067616393,-0.11529276,1,fac3,1
v000857,0.322589663,0.1193311012,0.0515303985,0.0520620813,0.0324506423,0.0217582276,0.1608560089,1,fac1,1
v000858,0.1018232026,0.2305204982,0.4446351105,-0.38851322,0.1193468307,-0.167028427,-0.162852829,1,fac3,1
v000859,0.6477854953,0.2060151817,-0.035319492,-0.185182799,-0.100345955,-0.090145867,0.0522848027,1,fac1,1
v000860,0.4155728299,-0.131931475,-0.022805529,0.1247988997,0.031559593,0.1196190196,0.1857202728,1,fac1,1
v000861,0.0887830061,0.1198862828,0.4779120487,-0.00057519,0.0923381384,-0.101296837,-0.065798748,1,fac3,1
v000862,0.0065899029,0.1035886385,0.2866101774,0.1939531954,-0.142663491,0.0018168927,0.4070591083,1,fac7,1
v000863,0.2938482965,0.1813568903,0.3744580891,0.0261952238,0.0548739528,0.0059082145,0.0747313111,1,fac3,1
v000864,-0.044281801,0.2519673766,0.0005627604,-0.01570344,-0.312102428,0.4172798362,0.1609605988,1,fac6,1
v000865,0.5208387464,0.0119144639,-0.00200751,0.0225930567,0.008707242,-0.160721625,-0.140724246,1,fac1,1
v000866,0.5935467728,-0.018082216,-0.14035495,0.0049296261,-0.080045665,-0.234260837,-0.257596131,1,fac1,1
v000867,0.1442759276,0.3658602533,0.2930770537,-0.149988591,-0.129014796,0.1255154344,-0.139327193,1,fac2,1
v000869,0.1623701693,-0.20901401,0.1125497993,0.0648366638,0.2625783766,0.103428271,0.0525533847,0,,
v000870,0.5184424731,0.0566009614,0.3387737018,0.0966337593,0.1826094669,0.0091391031,0.0130078468,1,fac1,1
v000871,0.5119182363,0.0443861075,0.0155301413,0.0293139874,-0.111500757,-0.036224862,-0.162918492,1,fac1,1
v000872,0.3258247869,-0.062285211,0.1711217607,0.1786162513,0.0213442055,0.2354493418,0.2494288836,1,fac1,1
v000873,0.0699365028,0.0666520339,-0.009926876,0.2510950008,-0.272762563,0.3082126758,0.1120657525,1,fac6,1
v000874,0.1639477364,0.2052379915,-0.131701998,0.163271571,0.1973347121,0.0621014729,-0.01155532,0,,
v000875,0.3257906247,0.1806172488,0.3462312386,0.0007034542,0.0565191113,0.034357928,0.123312921,1,fac3,1
v000876,0.284867445,0.1168965547,0.3215875719,0.0900599431,0.0234296031,-0.039824476,0.0396876965,1,fac3,1
v000877,0.039714726,-0.301776713,0.5433499207,0.0027324505,0.1962304612,-0.097564693,0.1157026283,1,fac3,1
v000878,-0.055182745,-0.241505705,0.4202992863,0.174349557,0.3008411365,-0.145852138,0.1430780216,1,fac3,1
v000879,0.0729077037,0.3883581079,0.1228086451,-0.033171754,0.0885426193,-0.005830298,-0.04447455,1,fac2,1
v000880,0.1994462003,0.0031671631,0.1905261009,-0.001508193,0.2566651993,-0.023236778,0.1357068156,0,,
v000881,0.3692189153,0.171853712,0.1360311277,-0.298922895,0.1699712218,0.1084045978,-0.152009016,1,fac1,1
v000882,0.1091049357,-0.130555492,0.4892840551,0.0445819257,0.0756803065,0.2195487942,0.1981007718,1,fac3,1
v000883,0.3617671053,-0.13084416,-0.032681174,0.1149269583,-0.062170842,-0.070750056,0.2293415872,1,fac1,1
v000884,0.3204509355,0.0231309609,0.0280825639,-0.041667285,0.0993994832,0.1293364938,0.3708905354,1,fac7,1
v000885,0.3207253566,-0.001439066,0.2282767021,0.1634643596,0.1319814038,0.0937397905,0.0204808461,1,fac1,1
v000886,0.1079366443,0.2475899122,0.180546819,0.0956990895,0.1646781071,0.2898098031,-0.126464248,0,,
v000887,0.2493931734,0.3784365408,-0.092135247,0.0610224377,-0.392937387,-0.039709258,-0.100220519,1,fac5,-1
v000888,0.1028526533,-0.085793323,0.2695226559,-0.06442276,0.0021507999,-0.185716507,0.3505739099,1,fac7,1
v000889,0.3797679229,-0.085017022,0.2598522992,-0.240202599,0.0357307043,-0.249594199,0.0858588943,1,fac1,1
v000890,-0.069019661,0.5864863789,0.2566009781,-0.116218105,0.1218814001,-0.198977555,-0.180689675,1,fac2,1
v000891,-0.150082715,0.2917798952,0.3274789721,-0.203929768,0.0587927689,-0.135633982,0.1034856606,1,fac3,1
v000892,-0.094747494,-0.015220812,-0.107259714,-0.139151215,0.6203289977,0.325515419,-0.085283239,1,fac5,1
v000893,-0.024171639,0.0517222687,0.4333307478,-0.171376678,0.1449187886,-0.196230117,0.3007088238,1,fac3,1
v000894,0.1995130012,0.1252400073,0.2340445418,0.0623093093,-0.134151505,0.1292925959,0.229759671,0,,
v000895,0.0786804542,-0.138551385,0.3781383443,0.1144859879,0.2521790412,0.1067801355,0.0010299103,1,fac3,1
v000896,0.5892234938,-0.212516319,-0.045388298,0.1443205582,0.138387633,-0.11147523,0.0452385331,1,fac1,1
v000897,0.2844704682,0.3424902432,0.0907445058,0.0946783028,0.0353935211,0.023134981,0.0203611782,1,fac2,1
v000898,0.1660343786,0.2791785974,0.1749381136,0.0651032923,0.0231469197,-0.110147606,0.2109858306,0,,
v000899,-0.127869184,-0.146170703,-0.156640321,0.7440189276,0.3279791077,-0.218710771,0.0275686398,1,fac4,1
v000900,0.4623781112,-0.082787811,0.0183118531,-0.31384254,0.2099434612,0.0837620022,-0.017085647,1,fac1,1
v000901,0.2612988913,-0.133014038,0.1371991959,0.2640217384,0.2427568321,0.1598581268,-0.102550597,0,,
v000904,0.0825805123,-0.37001631,-0.381999158,-0.270626419,-0.004593052,0.1169726028,-0.91164344,1,fac7,-1
v000905,-0.082121028,0.4627058933,0.2151683434,0.1374619786,0.0525325028,-0.007376906,0.0590241432,1,fac2,1
v000906,0.2558302575,0.3977898867,0.0785800232,0.0102806089,-0.084466482,-0.117068965,-0.177399748,1,fac2,1
v000907,0.5462810382,0.130538344,-0.142487614,-0.165342862,-0.00869797,-0.011184244,-0.218699548,1,fac1,1
v000908,-0.135176049,0.0234672142,0.5373543199,-0.095465294,-0.002224086,-0.017529185,0.1805212086,1,fac3,1
v000909,-0.668380851,0.0859069381,-0.852061695,-0.571958921,-0.61890153,-0.287714698,-0.121183622,1,fac3,-1
v000910,0.4739158861,0.1872311406,0.2822693452,-0.189939187,-0.160257516,-0.155305401,-0.068948439,1,fac1,1
v000911,0.0200177698,0.4147812465,0.0270255639,-0.020120159,0.0965088228,-0.016420326,0.0735042038,1,fac2,1
v000912,0.4707837764,0.1998717811,0.1871115296,0.0225225338,0.0737352319,0.0447706087,0.1069328325,1,fac1,1
v000914,0.3002016694,0.0257521272,0.2528163621,-0.019680541,0.2925675071,0.0629951907,0.0323021121,1,fac1,1
v000915,0.3040610683,0.3434683752,0.1254550125,-0.029245737,0.1299140531,0.0438921313,-0.10610295,1,fac2,1
v000917,0.1468018216,-0.031072225,0.1241893266,0.3571862546,0.2515283754,-0.061305968,-0.300556545,1,fac4,1
v000918,0.3883124772,-0.140227213,0.1142079542,0.0393583638,0.2076947019,-0.00889981,-0.150823018,1,fac1,1
v000919,0.1759940226,-0.013061144,-0.241554278,0.6046573618,0.1025805603,-0.04521996,0.0435242881,1,fac4,1
v000920,0.3482552516,0.059810448,-0.120704631,-0.050206128,0.0780519563,0.3404431135,0.0949036443,1,fac1,1
v000921,0.3053839352,-0.062044571,-0.103490266,0.0689795454,0.2292072212,0.0400035304,-0.105051404,1,fac1,1
v000922,0.1995728136,0.2063196994,0.0161774919,0.157261406,-0.025358992,0.0526521019,-0.024522869,0,,
v000923,0.3775326261,0.0543598509,0.0244669185,0.0013585301,-0.170436962,0.1941588642,0.4517789604,1,fac7,1
v000924,-0.097995923,0.0039713791,-0.165586891,0.0656964045,0.0450795633,0.7957804019,-0.010951175,1,fac6,1
v000925,0.1793971272,0.3125294886,-0.195383225,-0.052249605,-0.272182221,0.316948768,0.0112985021,1,fac6,1
v000926,0.2690888554,0.3390333658,0.0652355628,-0.169205154,0.0411547687,-0.116308209,-0.03904092,1,fac2,1
v000927,0.2103928698,0.3682867407,-0.184998467,-0.023259859,-0.094769759,0.10472994,0.0623867207,1,fac2,1
v000928,-0.075083663,-0.079778362,0.4859254461,0.0872045447,0.4917761458,-0.156153161,0.2187926759,1,fac5,1
v000929,0.3665193161,-0.052842538,-0.233607439,0.0120809884,0.1482931538,-0.10706088,0.2730484716,1,fac1,1
v000930,-0.164320199,0.5633478399,-0.046710965,-0.040344471,-0.120024692,-0.028583728,0.1462507333,1,fac2,1
v000931,0.3224242904,0.1698462395,-0.175256985,0.1799529726,-0.142366058,-0.338661615,0.2026878912,1,fac6,-1
v000932,0.3790967596,0.1730139038,0.2826577129,-0.119641049,-0.021457374,-0.117674452,0.0248433019,1,fac1,1
v000933,-0.023789521,0.2054608297,0.319766212,0.0815332444,-0.201684032,0.0068142568,0.2255133371,1,fac3,1
v000934,-0.114695807,0.2252759142,0.3985172675,0.1173685951,-0.169975133,-0.027638081,0.1204208525,1,fac3,1
v000935,0.8358136584,-0.360515757,-0.38751247,-0.239825242,-0.48277726,-0.418797444,-0.162538822,1,fac1,1
v000936,0.1974269237,0.0004917798,0.2666868026,0.00418844,0.3805574083,-0.178513135,-0.00702278,1,fac5,1
v000937,0.3376927852,0.0676297717,0.0673450095,0.1310254822,-0.045017388,0.0339610918,0.1530747876,1,fac1,1
v000938,0.1200770219,0.0913940172,0.2118945168,0.3677890323,0.0129882581,-0.008496415,0.1860818734,1,fac4,1
v000939,-0.001306622,-0.040795093,0.0333289816,-0.051502166,0.6597131437,0.1028651065,0.0888318955,1,fac5,1
v000940,0.1593689497,0.151209114,0.0574159601,0.1290187249,-0.097024692,-0.029039311,0.345486143,1,fac7,1
v000941,0.4041306409,0.2907548037,0.1910285033,0.0159030492,0.1775584804,0.1077001643,0.1178309876,1,fac1,1
v000942,0.0864436331,0.4652109383,0.3351682198,0.0105610033,0.030244415,0.0501839415,-0.223328662,1,fac2,1
v000943,0.5465196123,0.1257267383,0.0477597055,-0.094993162,-0.303685113,-0.217699254,-0.084903665,1,fac1,1
v000944,-0.031466077,0.2555559939,0.0941793338,-0.043095964,-0.174322646,-0.008573566,0.464471423,1,fac7,1
v000945,-0.185044293,0.2810957468,0.3505724821,0.5592793858,-0.11794044,-0.108900237,-0.131626237,1,fac4,1
v000946,0.4810852048,-0.228676793,-0.004905701,-0.052766823,0.265983829,0.1821389177,-0.18157439,1,fac1,1
v000947,0.4100220136,-0.05831704,0.1152337686,0.0217025584,0.0461428275,0.1725393448,0.1225662822,1,fac1,1
v000948,-0.283305227,0.6468111125,0.1360479143,-0.009929111,0.2944150334,-0.213784189,-0.185051077,1,fac2,1
v000949,0.5072353407,-0.199846927,0.1084969153,0.3623269612,-0.300487331,0.0321029107,0.223665172,1,fac1,1
v000950,0.2741083374,-0.082520751,-0.105567197,0.6097998178,-0.222765715,-0.148819762,-0.195884547,1,fac4,1
v000951,-0.0888538,-0.005886435,0.310587064,-0.091320882,-0.263458576,0.1320622957,0.6522404361,1,fac7,1
v000952,-0.075136904,0.0168181669,-0.038662011,0.4561909372,-0.097793663,0.0384836462,0.156886716,1,fac4,1
v000953,0.4303494669,0.1024753925,0.2644562314,0.0402458338,0.1172632969,0.2474068044,0.1632198436,1,fac1,1
v000954,0.1713382615,0.1053468414,0.2838001248,0.0072610323,-0.042406667,-0.163253271,0.4322897941,1,fac7,1
v000955,0.2276128458,0.3052010108,0.158527203,-0.03888306,-0.00248975,-0.159421224,0.1940245152,1,fac2,1
v000956,0.0851520867,-0.199296062,0.312814071,0.0344137279,-0.07992843,-0.18296672,0.3790161359,1,fac7,1
v000957,0.3772935935,0.0307393633,-0.036001892,0.2659663939,-0.126996051,0.0307960938,0.1300528543,1,fac1,1
v000958,0.3875062322,0.2961590242,-0.134399133,-0.173016615,-0.137628135,0.0850483749,0.0553770949,1,fac1,1
v000960,0.4340252752,0.1437115092,0.0998988659,0.1213944278,0.048123942,0.0506294664,0.0554235691,1,fac1,1
v000961,0.4337494592,0.2078825253,0.1499021446,0.057204473,0.0074699729,0.0723492505,0.0691765147,1,fac1,1
v000962,0.1550974565,0.2323239135,-0.018692113,0.0412897994,0.3237457097,0.0114199092,0.0677763754,1,fac5,1
v000963,0.3010332912,0.2900268253,0.2717008445,0.0906730791,-0.041036265,0.0900539925,0.0754825061,1,fac1,1
v000964,0.7809825008,0.0734779221,0.1105324507,0.0011479542,-0.208402949,-0.260353276,-0.158230882,1,fac1,1
v000965,0.4453683259,-0.104346799,0.3340383741,0.0951066613,0.0163827054,0.1292345372,0.1801823146,1,fac1,1
v000967,0.1818320674,0.4498717685,-0.057428561,-0.251507343,-0.279944861,0.0203000662,0.0256336733,1,fac2,1
v000969,-0.162584149,0.0352777667,0.4318856436,-0.111287467,0.2396577662,0.152592672,0.0677301556,1,fac3,1
v000970,0.1950980037,0.0165720082,0.2333529998,0.1507379328,-0.007546372,-0.050143832,0.1742518942,0,,
